bins,mean,std,ci_low,ci_high,n_pre,n_post,n_adp,n_same_region,n_syn,n_pre_post_pairs,n_synapses,n_pre_adp_pairs,n_pre_same_region_pairs,dend_len,n_pairs,proj_hva,quantity_name,variable_name
"(-0.4, -0.3]",-1.2597685852663185,0.17162120772616277,-1.626838859610782,-0.964844017474028,10.0,0.0,17.0,0.0,0.0,0.0,0.0,18.0,0.0,0.40845152999999995,18.0,V1->V1,SYNAPSE_DENSITY,IN_SILICO_SIG_CORR_CVT
"(-0.3, -0.2]",-0.41436881474744863,0.21676424138962613,-0.8237686881419913,0.035772574301035975,25.0,14.0,519.0,0.0,15.0,14.0,15.0,723.0,0.0,18.799028544000002,723.0,V1->V1,SYNAPSE_DENSITY,IN_SILICO_SIG_CORR_CVT
"(-0.2, -0.1]",-0.30974050315457746,0.058607990233208056,-0.41955444263876557,-0.18939251031752513,36.0,205.0,3928.0,0.0,232.0,214.0,232.0,9922.0,0.0,283.94705573249996,9922.0,V1->V1,SYNAPSE_DENSITY,IN_SILICO_SIG_CORR_CVT
"(-0.1, -2.22e-16]",-0.19671135551643656,0.0337152055320657,-0.26748797427479976,-0.13390962825620759,36.0,736.0,5943.0,0.0,945.0,850.0,945.0,33384.0,0.0,1018.2347536432,33384.0,V1->V1,SYNAPSE_DENSITY,IN_SILICO_SIG_CORR_CVT
"(-2.22e-16, 0.1]",0.09883292158986169,0.04784958021203257,0.004166423744860111,0.19544785548780694,36.0,664.0,5534.0,0.0,881.0,767.0,881.0,21646.0,0.0,721.4297788728,21646.0,V1->V1,SYNAPSE_DENSITY,IN_SILICO_SIG_CORR_CVT
"(0.1, 0.2]",0.34069271335434675,0.07741713697424564,0.1912121442689964,0.4923420540867965,36.0,305.0,3713.0,0.0,392.0,337.0,392.0,7791.0,0.0,267.558393942,7791.0,V1->V1,SYNAPSE_DENSITY,IN_SILICO_SIG_CORR_CVT
"(0.2, 0.3]",0.9553187772006193,0.18051087376630037,0.5967158755980514,1.3164537754092704,36.0,135.0,1817.0,0.0,182.0,145.0,182.0,2574.0,0.0,86.91281811900001,2574.0,V1->V1,SYNAPSE_DENSITY,IN_SILICO_SIG_CORR_CVT
"(0.3, 0.4]",0.7350536980482085,0.26587898061227155,0.24441124126171448,1.2934848010426179,36.0,46.0,693.0,0.0,54.0,47.0,54.0,823.0,0.0,29.728848557,823.0,V1->V1,SYNAPSE_DENSITY,IN_SILICO_SIG_CORR_CVT
"(0.4, 0.5]",2.380826469019228,0.7058912291424828,1.1078943761838946,3.849147572192173,29.0,27.0,220.0,0.0,32.0,27.0,32.0,256.0,0.0,8.926083349999999,256.0,V1->V1,SYNAPSE_DENSITY,IN_SILICO_SIG_CORR_CVT
"(0.5, 0.6]",1.6601273871005242,0.9621559523370091,-0.026491628777166546,3.6325151648664074,20.0,8.0,78.0,0.0,9.0,8.0,9.0,86.0,0.0,3.18426,86.0,V1->V1,SYNAPSE_DENSITY,IN_SILICO_SIG_CORR_CVT
"(0.6, 0.7]",2.745614384353914,2.6000153670835244,-1.4600378470815352,8.44928295815587,9.0,2.0,12.0,0.0,2.0,2.0,2.0,14.0,0.0,0.49585921,14.0,V1->V1,SYNAPSE_DENSITY,IN_SILICO_SIG_CORR_CVT
"(-0.5, -0.4]",-0.510435425023721,0.06315038904779553,-0.6339641688698769,-0.3815611657831654,17.0,0.0,25.0,0.0,0.0,0.0,0.0,34.0,0.0,0.859614686,34.0,HVA->HVA,SYNAPSE_DENSITY,IN_SILICO_SIG_CORR_CVT
"(-0.4, -0.3]",-0.34197369648525694,0.13377793316320105,-0.5665769804838202,-0.04758645194883414,55.0,3.0,194.0,0.0,3.0,3.0,3.0,509.0,0.0,12.818223075,509.0,HVA->HVA,SYNAPSE_DENSITY,IN_SILICO_SIG_CORR_CVT
"(-0.3, -0.2]",-0.09677070911566826,0.0921370739708289,-0.2646158159513407,0.08608090085900882,92.0,49.0,830.0,0.0,59.0,52.0,59.0,3241.0,0.0,94.472855029,3241.0,HVA->HVA,SYNAPSE_DENSITY,IN_SILICO_SIG_CORR_CVT
"(-0.2, -0.1]",-0.10027739917334812,0.044254960504874624,-0.1829436261561054,-0.008221458474733347,99.0,285.0,2252.0,0.0,359.0,328.0,359.0,14928.0,0.0,481.9760776146,14928.0,HVA->HVA,SYNAPSE_DENSITY,IN_SILICO_SIG_CORR_CVT
"(-0.1, -2.22e-16]",-0.11043533480971189,0.028166373727616125,-0.16311884711360053,-0.05453254639178913,99.0,624.0,2596.0,0.0,836.0,778.0,836.0,30495.0,0.0,1077.8088838934,30495.0,HVA->HVA,SYNAPSE_DENSITY,IN_SILICO_SIG_CORR_CVT
"(-2.22e-16, 0.1]",0.06474052758335305,0.034978733061994324,-0.004588984606538272,0.1371447242169384,99.0,584.0,2538.0,0.0,841.0,755.0,841.0,24558.0,0.0,893.6389118730001,24558.0,HVA->HVA,SYNAPSE_DENSITY,IN_SILICO_SIG_CORR_CVT
"(0.1, 0.2]",0.10141417338446038,0.0484025610708015,0.010874817447745365,0.20401160072695176,99.0,324.0,2231.0,0.0,440.0,392.0,440.0,12399.0,0.0,472.3818832958,12399.0,HVA->HVA,SYNAPSE_DENSITY,IN_SILICO_SIG_CORR_CVT
"(0.2, 0.3]",0.27877043760167103,0.08318630753264304,0.11736314281256846,0.446043738917069,99.0,160.0,1590.0,0.0,194.0,169.0,194.0,4537.0,0.0,180.4835675516,4537.0,HVA->HVA,SYNAPSE_DENSITY,IN_SILICO_SIG_CORR_CVT
"(0.3, 0.4]",0.44686921696937487,0.16492213875053896,0.13990982546771652,0.7745766316180922,95.0,52.0,714.0,0.0,59.0,54.0,59.0,1168.0,0.0,49.267129521,1168.0,HVA->HVA,SYNAPSE_DENSITY,IN_SILICO_SIG_CORR_CVT
"(0.4, 0.5]",-0.06059774828154338,0.2534980158676133,-0.5298238171803021,0.42625501831595575,67.0,7.0,185.0,0.0,7.0,7.0,7.0,224.0,0.0,9.682128508,224.0,HVA->HVA,SYNAPSE_DENSITY,IN_SILICO_SIG_CORR_CVT
"(0.5, 0.6]",0.9877258588322808,0.8473785328003903,-0.5150875434065347,2.8226985528261848,29.0,5.0,48.0,0.0,5.0,5.0,5.0,55.0,0.0,2.5300188299999995,55.0,HVA->HVA,SYNAPSE_DENSITY,IN_SILICO_SIG_CORR_CVT
"(0.6, 0.7]",-1.050132001885344,0.19998584793616697,-1.4103555538612433,-0.6955520452278441,6.0,0.0,6.0,0.0,0.0,0.0,0.0,6.0,0.0,0.25578470000000003,6.0,HVA->HVA,SYNAPSE_DENSITY,IN_SILICO_SIG_CORR_CVT
"(-0.3, -0.2]",-0.7894096744902699,0.5528550517114437,-1.6475785455593142,0.4778764151075785,13.0,2.0,97.0,0.0,2.0,2.0,2.0,109.0,0.0,2.4346196900000003,109.0,V1->HVA,SYNAPSE_DENSITY,IN_SILICO_SIG_CORR_CVT
"(-0.2, -0.1]",-0.5782515318550303,0.16575714543475678,-0.8841523073109805,-0.25045837160008483,28.0,38.0,1053.0,0.0,39.0,38.0,39.0,1684.0,0.0,37.6916532675,1684.0,V1->HVA,SYNAPSE_DENSITY,IN_SILICO_SIG_CORR_CVT
"(-0.1, -2.22e-16]",-0.11140161127744895,0.10217553025211341,-0.31080715304810935,0.09183778563695354,29.0,187.0,2231.0,0.0,226.0,200.0,226.0,6180.0,0.0,156.738584817,6180.0,V1->HVA,SYNAPSE_DENSITY,IN_SILICO_SIG_CORR_CVT
"(-2.22e-16, 0.1]",-0.02952262333246485,0.12234915180149297,-0.2577650052792272,0.22126890548511616,29.0,159.0,1975.0,0.0,194.0,169.0,194.0,4723.0,0.0,126.62328111560001,4723.0,V1->HVA,SYNAPSE_DENSITY,IN_SILICO_SIG_CORR_CVT
"(0.1, 0.2]",0.9316417526048594,0.2710186117186192,0.42374099979444474,1.4629573880751998,28.0,76.0,938.0,0.0,94.0,80.0,94.0,1468.0,0.0,38.089133695,1468.0,V1->HVA,SYNAPSE_DENSITY,IN_SILICO_SIG_CORR_CVT
"(0.2, 0.3]",1.135260895006873,0.5461829888066863,0.10729662168337668,2.2538791223057877,26.0,24.0,301.0,0.0,26.0,24.0,26.0,368.0,0.0,9.252530585999999,368.0,V1->HVA,SYNAPSE_DENSITY,IN_SILICO_SIG_CORR_CVT
"(0.3, 0.4]",-0.3010930687656946,1.060640666353844,-1.8501111853005892,2.080773062262799,19.0,2.0,82.0,0.0,3.0,2.0,3.0,84.0,0.0,2.07322512,84.0,V1->HVA,SYNAPSE_DENSITY,IN_SILICO_SIG_CORR_CVT
"(0.4, 0.5]",-2.040478568992662,0.2426544411407039,-2.572825276388157,-1.6058655293777786,9.0,0.0,17.0,0.0,0.0,0.0,0.0,17.0,0.0,0.56575086,17.0,V1->HVA,SYNAPSE_DENSITY,IN_SILICO_SIG_CORR_CVT
"(-0.4, -0.3]",-1.641018472785944,0.1358591737816641,-1.9037969348542636,-1.3839376052863142,16.0,0.0,34.0,0.0,0.0,0.0,0.0,46.0,0.0,0.7035420700000001,46.0,HVA->V1,SYNAPSE_DENSITY,IN_SILICO_SIG_CORR_CVT
"(-0.3, -0.2]",-0.4146940859322269,0.23106308504277737,-0.8448531195461122,0.027718389001530876,69.0,13.0,531.0,0.0,13.0,13.0,13.0,879.0,0.0,15.4552415234,879.0,HVA->V1,SYNAPSE_DENSITY,IN_SILICO_SIG_CORR_CVT
"(-0.2, -0.1]",-0.20295124127159456,0.0906400396508855,-0.3816198482755134,-0.019647060029136326,90.0,133.0,3029.0,0.0,150.0,138.0,150.0,7559.0,0.0,142.3473385867,7559.0,HVA->V1,SYNAPSE_DENSITY,IN_SILICO_SIG_CORR_CVT
"(-0.1, -2.22e-16]",-0.1357328078999172,0.05752559611820549,-0.24339635394210374,-0.01885867539282581,90.0,364.0,5363.0,0.0,425.0,385.0,425.0,18588.0,0.0,370.29854994210007,18588.0,HVA->V1,SYNAPSE_DENSITY,IN_SILICO_SIG_CORR_CVT
"(-2.22e-16, 0.1]",0.06019130136816686,0.06931217559568847,-0.07327934560523573,0.19774340017303169,90.0,327.0,4534.0,0.0,370.0,349.0,370.0,13530.0,0.0,281.46566510130003,13530.0,HVA->V1,SYNAPSE_DENSITY,IN_SILICO_SIG_CORR_CVT
"(0.1, 0.2]",0.16263085827393714,0.11679114344318642,-0.06852788966294387,0.39757298801021757,90.0,142.0,2648.0,0.0,168.0,146.0,168.0,5607.0,0.0,118.05291803680001,5607.0,HVA->V1,SYNAPSE_DENSITY,IN_SILICO_SIG_CORR_CVT
"(0.2, 0.3]",0.5049600804237451,0.2086976093309632,0.12695457805182359,0.9264076810826647,90.0,67.0,1257.0,0.0,77.0,70.0,77.0,2008.0,0.0,43.367913154,2008.0,HVA->V1,SYNAPSE_DENSITY,IN_SILICO_SIG_CORR_CVT
"(0.3, 0.4]",1.5876210646545443,0.6425720112079261,0.46049991737994067,2.9026401938051665,76.0,25.0,423.0,0.0,38.0,27.0,38.0,559.0,0.0,12.949678796,559.0,HVA->V1,SYNAPSE_DENSITY,IN_SILICO_SIG_CORR_CVT
"(0.4, 0.5]",1.130571366753162,1.2869940420897936,-0.8949169394525311,3.9671896587430924,39.0,5.0,108.0,0.0,7.0,5.0,7.0,121.0,0.0,2.7726704740000003,121.0,HVA->V1,SYNAPSE_DENSITY,IN_SILICO_SIG_CORR_CVT
"(0.5, 0.6]",1.707403052136323,1.5756837469103875,-0.8413912252165998,5.03447604080803,16.0,4.0,37.0,0.0,4.0,4.0,4.0,42.0,0.0,1.31516532,42.0,HVA->V1,SYNAPSE_DENSITY,IN_SILICO_SIG_CORR_CVT
"(0.6, 0.7]",14.068301562118606,10.310874550338852,-2.2268450210447694,34.47526507625163,5.0,2.0,7.0,0.0,3.0,2.0,3.0,9.0,0.0,0.17909160999999996,9.0,HVA->V1,SYNAPSE_DENSITY,IN_SILICO_SIG_CORR_CVT
"(-0.399, -0.3]",0.22144876700301835,1.1849553011587615,-1.4713322863072034,3.0573136615050527,24.0,2.0,67.0,0.0,3.0,2.0,3.0,70.0,0.0,2.03903482,70.0,V1->V1,SYNAPSE_DENSITY,READOUT_SIMILARITY_CVT
"(-0.3, -0.2]",-0.2804903033186312,0.15011296229473184,-0.5529166603219352,0.034007991965607144,36.0,36.0,1182.0,0.0,38.0,36.0,38.0,1509.0,0.0,43.62045217399999,1509.0,V1->V1,SYNAPSE_DENSITY,READOUT_SIMILARITY_CVT
"(-0.2, -0.0999]",-0.328035831795828,0.05348092325651996,-0.43085815123972865,-0.22257615670459915,36.0,230.0,4537.0,0.0,258.0,237.0,258.0,10895.0,0.0,322.93456869939996,10895.0,V1->V1,SYNAPSE_DENSITY,READOUT_SIMILARITY_CVT
"(-0.0999, 0.0]",-0.16420169732456597,0.03799250378386569,-0.23588854644224205,-0.0920882055361716,36.0,630.0,5812.0,0.0,794.0,708.0,794.0,27056.0,0.0,833.0290635459,27056.0,V1->V1,SYNAPSE_DENSITY,READOUT_SIMILARITY_CVT
"(0.0, 0.0999]",0.06102819663763173,0.04372558432287,-0.0205693672229584,0.14461607567043486,36.0,729.0,5720.0,0.0,969.0,852.0,969.0,25425.0,0.0,819.2565578204001,25425.0,V1->V1,SYNAPSE_DENSITY,READOUT_SIMILARITY_CVT
"(0.0999, 0.2]",0.36930454418681496,0.07381598408602466,0.22985664756079202,0.5137355102980559,36.0,388.0,4292.0,0.0,509.0,438.0,509.0,9940.0,0.0,337.3941896698,9940.0,V1->V1,SYNAPSE_DENSITY,READOUT_SIMILARITY_CVT
"(0.2, 0.3]",0.8524020775878598,0.20138034733239946,0.472479847496843,1.261610831586789,36.0,102.0,1496.0,0.0,139.0,112.0,139.0,2007.0,0.0,69.12354783800001,2007.0,V1->V1,SYNAPSE_DENSITY,READOUT_SIMILARITY_CVT
"(0.3, 0.399]",1.8132388881691548,0.6535069612354335,0.647049494108452,3.1257297849370564,33.0,24.0,259.0,0.0,31.0,24.0,31.0,294.0,0.0,10.411848512999999,294.0,V1->V1,SYNAPSE_DENSITY,READOUT_SIMILARITY_CVT
"(-0.399, -0.3]",0.5351512269616014,1.0379324267893542,-0.8789771262483069,3.1026970545032175,46.0,2.0,68.0,0.0,3.0,2.0,3.0,82.0,0.0,2.15886308,82.0,HVA->HVA,SYNAPSE_DENSITY,READOUT_SIMILARITY_CVT
"(-0.3, -0.2]",-0.18608922242239237,0.11627423086167925,-0.400465452578526,0.06002643923663087,99.0,33.0,968.0,0.0,37.0,35.0,37.0,1852.0,0.0,55.775849487,1852.0,HVA->HVA,SYNAPSE_DENSITY,READOUT_SIMILARITY_CVT
"(-0.2, -0.0999]",-0.09591815135209493,0.04635891458868435,-0.18554011478646057,0.00023647766925229206,99.0,254.0,2421.0,0.0,301.0,276.0,301.0,12617.0,0.0,398.11842473400003,12617.0,HVA->HVA,SYNAPSE_DENSITY,READOUT_SIMILARITY_CVT
"(-0.0999, 0.0]",-0.06542161431235205,0.029898130131225033,-0.12407050323772359,-0.0053381740400402075,99.0,663.0,2619.0,0.0,876.0,807.0,876.0,32094.0,0.0,1097.1322349419,32094.0,HVA->HVA,SYNAPSE_DENSITY,READOUT_SIMILARITY_CVT
"(0.0, 0.0999]",-0.05495648602787389,0.026815558321821826,-0.10936336727081858,-0.0032834660130099344,99.0,649.0,2594.0,0.0,926.0,847.0,926.0,31140.0,0.0,1149.5537607504998,31140.0,HVA->HVA,SYNAPSE_DENSITY,READOUT_SIMILARITY_CVT
"(0.0999, 0.2]",0.2782273582586003,0.05387599933464897,0.17521116155480404,0.3842078197189344,99.0,386.0,2318.0,0.0,514.0,450.0,514.0,11911.0,0.0,461.647155718,11911.0,HVA->HVA,SYNAPSE_DENSITY,READOUT_SIMILARITY_CVT
"(0.2, 0.3]",0.4589387683152695,0.1341687356625956,0.20990157491017575,0.7464906630222085,98.0,104.0,1189.0,0.0,128.0,109.0,128.0,2216.0,0.0,98.577172226,2216.0,HVA->HVA,SYNAPSE_DENSITY,READOUT_SIMILARITY_CVT
"(0.3, 0.399]",0.5176860159295733,0.3297807322233303,-0.09295229269952376,1.2196717166060227,71.0,15.0,183.0,0.0,16.0,15.0,16.0,213.0,0.0,11.81367191,213.0,HVA->HVA,SYNAPSE_DENSITY,READOUT_SIMILARITY_CVT
"(-0.3, -0.2]",-0.9519292751013055,0.374849267195429,-1.4988556109859883,-0.13087761001476733,23.0,2.0,137.0,0.0,2.0,2.0,2.0,142.0,0.0,3.686450889,142.0,V1->HVA,SYNAPSE_DENSITY,READOUT_SIMILARITY_CVT
"(-0.2, -0.0999]",-0.4679103561298382,0.15863294420634422,-0.7610296694421657,-0.13910100890005278,28.0,45.0,1187.0,0.0,50.0,47.0,50.0,1799.0,0.0,45.872386281000004,1799.0,V1->HVA,SYNAPSE_DENSITY,READOUT_SIMILARITY_CVT
"(-0.0999, 0.0]",-0.17195303061673772,0.10668464667699186,-0.3744203809827264,0.03430018297994143,29.0,174.0,2162.0,0.0,196.0,179.0,196.0,5474.0,0.0,139.73197926720002,5474.0,V1->HVA,SYNAPSE_DENSITY,READOUT_SIMILARITY_CVT
"(0.0, 0.0999]",0.256433346639704,0.13226810717670212,-0.0015507969478221507,0.5268592528230909,29.0,196.0,2103.0,0.0,242.0,204.0,242.0,5296.0,0.0,132.939400558,5296.0,V1->HVA,SYNAPSE_DENSITY,READOUT_SIMILARITY_CVT
"(0.0999, 0.2]",0.23268160731054122,0.2213376808859941,-0.20985631516527892,0.6563313324450476,29.0,67.0,1102.0,0.0,80.0,70.0,80.0,1684.0,0.0,44.5641260829,1684.0,V1->HVA,SYNAPSE_DENSITY,READOUT_SIMILARITY_CVT
"(0.2, 0.3]",0.7964987794366314,0.6512176371378231,-0.4251141278888485,2.1183797272031955,27.0,13.0,196.0,0.0,14.0,13.0,14.0,227.0,0.0,5.948030713,227.0,V1->HVA,SYNAPSE_DENSITY,READOUT_SIMILARITY_CVT
"(0.3, 0.399]",-1.4885491070646295,0.16035343740328237,-1.7492934329658203,-1.1423927703371803,11.0,0.0,15.0,0.0,0.0,0.0,0.0,15.0,0.0,0.67007806,15.0,V1->HVA,SYNAPSE_DENSITY,READOUT_SIMILARITY_CVT
"(-0.399, -0.3]",-1.1478372016647518,0.1668014566815256,-1.5010818449253556,-0.8563695436562655,11.0,0.0,15.0,0.0,0.0,0.0,0.0,15.0,0.0,0.234608584,15.0,HVA->V1,SYNAPSE_DENSITY,READOUT_SIMILARITY_CVT
"(-0.3, -0.2]",-0.7353591553975716,0.21615805207755515,-1.1349408938799992,-0.2920954542127481,80.0,7.0,574.0,0.0,7.0,7.0,7.0,682.0,0.0,12.640497781999999,682.0,HVA->V1,SYNAPSE_DENSITY,READOUT_SIMILARITY_CVT
"(-0.2, -0.0999]",-0.27879196423553126,0.09828140299095198,-0.4716845589631133,-0.08140143756108524,90.0,106.0,3354.0,0.0,121.0,109.0,121.0,6261.0,0.0,120.2053829523,6261.0,HVA->V1,SYNAPSE_DENSITY,READOUT_SIMILARITY_CVT
"(-0.0999, 0.0]",-0.06116527891689862,0.060702999613498225,-0.18188257428892488,0.055044221701136375,90.0,370.0,5397.0,0.0,429.0,389.0,429.0,18035.0,0.0,355.38365054800005,18035.0,HVA->V1,SYNAPSE_DENSITY,READOUT_SIMILARITY_CVT
"(0.0, 0.0999]",-0.035997086078937174,0.05974792518783599,-0.15123180192769378,0.08590115018878308,90.0,365.0,5192.0,0.0,425.0,396.0,425.0,16927.0,0.0,348.6938583939,16927.0,HVA->V1,SYNAPSE_DENSITY,READOUT_SIMILARITY_CVT
"(0.0999, 0.2]",0.41813317233055536,0.11970048607794913,0.19010115340419295,0.6612813496427005,90.0,187.0,2962.0,0.0,218.0,195.0,218.0,5992.0,0.0,128.4082226511,5992.0,HVA->V1,SYNAPSE_DENSITY,READOUT_SIMILARITY_CVT
"(0.2, 0.3]",0.811937729733958,0.40859973343667694,0.058155067275815674,1.6612374885139918,84.0,34.0,709.0,0.0,45.0,36.0,45.0,941.0,0.0,20.898990976999997,941.0,HVA->V1,SYNAPSE_DENSITY,READOUT_SIMILARITY_CVT
"(0.3, 0.399]",2.818551584497453,1.8698615359873343,-0.22306928585274272,6.969678794225087,34.0,6.0,74.0,0.0,9.0,6.0,9.0,85.0,0.0,2.1110099260000004,85.0,HVA->V1,SYNAPSE_DENSITY,READOUT_SIMILARITY_CVT
"(-10.551, -5.275]",-0.25454632024279994,0.07028478868026433,-0.3862329664606141,-0.11316467874532168,35.0,168.0,2274.0,0.0,194.0,178.0,194.0,5317.0,0.0,210.8469861737,5317.0,V1->V1,SYNAPSE_DENSITY,READOUT_LOCATION_DISTANCE_CVT
"(-5.275, 0.0]",-0.04772843731621528,0.03152067469080789,-0.10753890451485008,0.015256342086010892,36.0,909.0,5290.0,0.0,1380.0,1202.0,1380.0,36735.0,0.0,1313.4206049589,36735.0,V1->V1,SYNAPSE_DENSITY,READOUT_LOCATION_DISTANCE_CVT
"(0.0, 5.275]",0.08702519034714874,0.048158198075360224,-0.0027098639451918084,0.1825656713785187,36.0,695.0,5647.0,0.0,929.0,811.0,929.0,27327.0,0.0,753.4832337137,27327.0,V1->V1,SYNAPSE_DENSITY,READOUT_LOCATION_DISTANCE_CVT
"(5.275, 10.551]",0.24644149391687636,0.1108804822376313,0.03995789598220822,0.46488639823064737,36.0,173.0,2336.0,0.0,204.0,186.0,204.0,6783.0,0.0,142.8731888822,6783.0,V1->V1,SYNAPSE_DENSITY,READOUT_LOCATION_DISTANCE_CVT
"(10.551, 15.826]",0.7223623210222285,0.34678524179644765,0.10068946539924264,1.4201098707940036,34.0,30.0,406.0,0.0,35.0,32.0,35.0,1006.0,0.0,18.160383702000004,1006.0,V1->V1,SYNAPSE_DENSITY,READOUT_LOCATION_DISTANCE_CVT
"(15.826, 21.101]",0.9626722400317352,1.4317238430349701,-1.1464115298631108,4.2928333840187465,16.0,2.0,38.0,0.0,2.0,2.0,2.0,72.0,0.0,1.04382367,72.0,V1->V1,SYNAPSE_DENSITY,READOUT_LOCATION_DISTANCE_CVT
"(-15.826, -10.551]",-0.09908063693816566,0.2513198920111036,-0.5603438288908956,0.4314017416696654,28.0,10.0,243.0,0.0,14.0,11.0,14.0,416.0,0.0,17.918761357,416.0,HVA->HVA,SYNAPSE_DENSITY,READOUT_LOCATION_DISTANCE_CVT
"(-10.551, -5.275]",-0.07199642020185802,0.04443824817186861,-0.15500981558657187,0.014844472507282876,99.0,321.0,2096.0,0.0,428.0,378.0,428.0,11349.0,0.0,500.62291849959996,11349.0,HVA->HVA,SYNAPSE_DENSITY,READOUT_LOCATION_DISTANCE_CVT
"(-5.275, 0.0]",0.002880943593754835,0.025824909101834208,-0.04595244995756787,0.052590921637314686,99.0,774.0,2530.0,0.0,1220.0,1107.0,1220.0,37168.0,0.0,1438.8526202240998,37168.0,HVA->HVA,SYNAPSE_DENSITY,READOUT_LOCATION_DISTANCE_CVT
"(0.0, 5.275]",0.013237057115410246,0.03189388092823126,-0.04706871506904729,0.08234723393748188,99.0,609.0,2581.0,0.0,827.0,756.0,827.0,30304.0,0.0,980.2514526145001,30304.0,HVA->HVA,SYNAPSE_DENSITY,READOUT_LOCATION_DISTANCE_CVT
"(5.275, 10.551]",0.04173942827396794,0.06091253773321292,-0.07531971960636964,0.16539833748323018,99.0,199.0,1584.0,0.0,267.0,246.0,267.0,10984.0,0.0,294.8057483192,10984.0,HVA->HVA,SYNAPSE_DENSITY,READOUT_LOCATION_DISTANCE_CVT
"(10.551, 15.826]",0.2197144919426756,0.17739084562325194,-0.11321596528771811,0.5797583139788332,99.0,39.0,384.0,0.0,45.0,43.0,45.0,1765.0,0.0,39.990969777000004,1765.0,HVA->HVA,SYNAPSE_DENSITY,READOUT_LOCATION_DISTANCE_CVT
"(15.826, 21.101]",-0.4962975861697452,0.4146680793108066,-1.1100965612805818,0.41889124573372677,44.0,2.0,44.0,0.0,2.0,2.0,2.0,157.0,0.0,3.382725466,157.0,HVA->HVA,SYNAPSE_DENSITY,READOUT_LOCATION_DISTANCE_CVT
"(-15.826, -10.551]",0.4695115238580078,2.123890119165261,-1.8074746112824636,5.510684315299192,9.0,1.0,22.0,0.0,1.0,1.0,1.0,27.0,0.0,0.52278737,27.0,V1->HVA,SYNAPSE_DENSITY,READOUT_LOCATION_DISTANCE_CVT
"(-10.551, -5.275]",-0.11142834207603486,0.18090697884109871,-0.4456923234390581,0.24264369835051378,27.0,58.0,819.0,0.0,66.0,61.0,66.0,1816.0,0.0,47.293929894,1816.0,V1->HVA,SYNAPSE_DENSITY,READOUT_LOCATION_DISTANCE_CVT
"(-5.275, 0.0]",0.09995841745907097,0.11416798105236904,-0.10890327592860856,0.32686821986495496,29.0,203.0,1796.0,0.0,263.0,228.0,263.0,5917.0,0.0,157.1581557872,5917.0,V1->HVA,SYNAPSE_DENSITY,READOUT_LOCATION_DISTANCE_CVT
"(0.0, 5.275]",-0.1095716537569985,0.12590047549350214,-0.354071792783462,0.1429384891531345,29.0,153.0,1809.0,0.0,181.0,158.0,181.0,4861.0,0.0,123.251450233,4861.0,V1->HVA,SYNAPSE_DENSITY,READOUT_LOCATION_DISTANCE_CVT
"(5.275, 10.551]",0.07809885071150764,0.2123345185813213,-0.32312296297364246,0.5046237224968582,29.0,58.0,754.0,0.0,67.0,62.0,67.0,1775.0,0.0,40.294283782899996,1775.0,V1->HVA,SYNAPSE_DENSITY,READOUT_LOCATION_DISTANCE_CVT
"(10.551, 15.826]",-0.4061686397056111,0.5583247379627668,-1.3308247276323615,0.7976871125527716,23.0,4.0,119.0,0.0,5.0,4.0,5.0,233.0,0.0,4.697147964,233.0,V1->HVA,SYNAPSE_DENSITY,READOUT_LOCATION_DISTANCE_CVT
"(15.826, 21.101]",2.0398398481333513,3.967805657494255,-1.5952902401864606,12.012645260798543,8.0,1.0,6.0,0.0,1.0,1.0,1.0,12.0,0.0,0.36946982,12.0,V1->HVA,SYNAPSE_DENSITY,READOUT_LOCATION_DISTANCE_CVT
"(-15.826, -10.551]",1.9053183294122245,2.0369240911770974,-1.165102037273968,6.540619845579136,16.0,2.0,55.0,0.0,3.0,2.0,3.0,61.0,0.0,0.9815056179999998,61.0,HVA->V1,SYNAPSE_DENSITY,READOUT_LOCATION_DISTANCE_CVT
"(-10.551, -5.275]",0.24066459970483836,0.15098685889459385,-0.05308980936009833,0.556237915981363,86.0,92.0,2385.0,0.0,106.0,93.0,106.0,3677.0,0.0,73.52218955800001,3677.0,HVA->V1,SYNAPSE_DENSITY,READOUT_LOCATION_DISTANCE_CVT
"(-5.275, 0.0]",-0.008626502357073755,0.05742048012384176,-0.11605373514190097,0.10516291082469434,90.0,494.0,5289.0,0.0,584.0,535.0,584.0,21967.0,0.0,458.5104725005,21967.0,HVA->V1,SYNAPSE_DENSITY,READOUT_LOCATION_DISTANCE_CVT
"(0.0, 5.275]",-0.01513044713340988,0.06411169763715811,-0.14670797621412224,0.1207332502871938,90.0,382.0,5185.0,0.0,467.0,416.0,467.0,18503.0,0.0,368.06111795259994,18503.0,HVA->V1,SYNAPSE_DENSITY,READOUT_LOCATION_DISTANCE_CVT
"(5.275, 10.551]",-0.07335652186102182,0.1171817488409784,-0.2923548613735734,0.1564899976961541,90.0,85.0,1770.0,0.0,91.0,89.0,91.0,4319.0,0.0,80.2791128972,4319.0,HVA->V1,SYNAPSE_DENSITY,READOUT_LOCATION_DISTANCE_CVT
"(10.551, 15.826]",-0.5922097360263827,0.27714532968881894,-1.0629408526013733,0.00019515114536238106,59.0,4.0,216.0,0.0,4.0,4.0,4.0,412.0,0.0,7.409023578,412.0,HVA->V1,SYNAPSE_DENSITY,READOUT_LOCATION_DISTANCE_CVT
"(15.826, 21.101]",-0.6957355428572572,0.12195530659897817,-0.9537356759561012,-0.48037191675405316,4.0,0.0,11.0,0.0,0.0,0.0,0.0,11.0,0.0,0.17015281000000002,11.0,HVA->V1,SYNAPSE_DENSITY,READOUT_LOCATION_DISTANCE_CVT
"(-0.4, -0.3]",0.2581041631161153,0.6567290535358494,-0.8866006075099082,1.736281476193653,20.0,5.0,122.0,0.0,5.0,5.0,5.0,144.0,0.0,3.3179892169999996,144.0,V1->V1,SYNAPSE_DENSITY,IN_VIVO_SIG_CORR
"(-0.3, -0.2]",-0.22118416053707404,0.09907677170903577,-0.4064128897479176,-0.021385432980405676,34.0,101.0,2202.0,0.0,116.0,104.0,116.0,4393.0,0.0,120.1963800234,4393.0,V1->V1,SYNAPSE_DENSITY,IN_VIVO_SIG_CORR
"(-0.2, -0.1]",-0.21247932583008208,0.04181098997168627,-0.2957674804205584,-0.13353629424864608,36.0,483.0,5747.0,0.0,569.0,520.0,569.0,20983.0,0.0,614.7012462028,20983.0,V1->V1,SYNAPSE_DENSITY,IN_VIVO_SIG_CORR
"(-0.1, -2.22e-16]",-0.12234658138881314,0.038917694579945365,-0.19817029318871773,-0.045638650726679275,36.0,588.0,6111.0,0.0,734.0,657.0,734.0,23822.0,0.0,749.9653513665,23822.0,V1->V1,SYNAPSE_DENSITY,IN_VIVO_SIG_CORR
"(-2.22e-16, 0.1]",0.04025817152765207,0.04868962997361087,-0.05388875073982966,0.12989819911280576,36.0,477.0,5353.0,0.0,582.0,525.0,582.0,15389.0,0.0,510.1161376747,15389.0,V1->V1,SYNAPSE_DENSITY,IN_VIVO_SIG_CORR
"(0.1, 0.2]",0.14563046599702525,0.07447745143806994,0.009528384708500892,0.29383631399702126,36.0,299.0,4038.0,0.0,382.0,327.0,382.0,8806.0,0.0,301.521895593,8806.0,V1->V1,SYNAPSE_DENSITY,IN_VIVO_SIG_CORR
"(0.2, 0.3]",0.5224120106744362,0.12178888417653357,0.29327821380886093,0.7720728488721554,36.0,205.0,2774.0,0.0,263.0,223.0,263.0,4735.0,0.0,160.16396562120002,4735.0,V1->V1,SYNAPSE_DENSITY,IN_VIVO_SIG_CORR
"(0.3, 0.4]",0.4621603711287521,0.15914836175863908,0.16374457721037375,0.7665122172755933,36.0,111.0,1665.0,0.0,135.0,112.0,135.0,2461.0,0.0,82.9146550888,2461.0,V1->V1,SYNAPSE_DENSITY,IN_VIVO_SIG_CORR
"(0.4, 0.5]",0.6513964884472724,0.23895610560684913,0.19459078223153672,1.1139545112468872,36.0,64.0,1006.0,0.0,79.0,66.0,79.0,1325.0,0.0,43.172834441999996,1325.0,V1->V1,SYNAPSE_DENSITY,IN_VIVO_SIG_CORR
"(0.5, 0.6]",0.5783950305882846,0.31490115174190164,-0.023524753124639343,1.2208065386006248,35.0,29.0,571.0,0.0,42.0,32.0,42.0,723.0,0.0,24.178848233,723.0,V1->V1,SYNAPSE_DENSITY,IN_VIVO_SIG_CORR
"(0.6, 0.7]",1.4531550809425802,0.6083456602682299,0.31854473259531013,2.770872282988968,30.0,21.0,286.0,0.0,33.0,22.0,33.0,367.0,0.0,12.753262166999999,367.0,V1->V1,SYNAPSE_DENSITY,IN_VIVO_SIG_CORR
"(0.7, 0.8]",0.17399976584269913,0.5150957361488888,-0.7097540719797762,1.2639729453207975,22.0,6.0,111.0,0.0,6.0,6.0,6.0,139.0,0.0,4.693086899999999,139.0,V1->V1,SYNAPSE_DENSITY,IN_VIVO_SIG_CORR
"(0.8, 0.9]",1.559021757115301,2.2227905674575164,-0.9271626410381831,6.5654312122801155,5.0,1.0,13.0,0.0,1.0,1.0,1.0,14.0,0.0,0.40207109,14.0,V1->V1,SYNAPSE_DENSITY,IN_VIVO_SIG_CORR
"(-0.5, -0.4]",-0.4593466648888006,0.10857532699683138,-0.6850343966332656,-0.2715667022587283,9.0,0.0,31.0,0.0,0.0,0.0,0.0,37.0,0.0,0.87939184,37.0,HVA->HVA,SYNAPSE_DENSITY,IN_VIVO_SIG_CORR
"(-0.4, -0.3]",0.09989119379117012,0.20682664337857418,-0.28633239417150047,0.5142208281104769,50.0,13.0,332.0,0.0,15.0,13.0,15.0,742.0,0.0,20.548476989,742.0,HVA->HVA,SYNAPSE_DENSITY,IN_VIVO_SIG_CORR
"(-0.3, -0.2]",-0.1634969211403672,0.05797131599099288,-0.277132569838605,-0.04818234090170252,99.0,87.0,1393.0,0.0,103.0,93.0,103.0,5788.0,0.0,180.512305013,5788.0,HVA->HVA,SYNAPSE_DENSITY,IN_VIVO_SIG_CORR
"(-0.2, -0.1]",-0.12609878078462303,0.03163219658554114,-0.18646412552963354,-0.06196540059654399,105.0,406.0,2837.0,0.0,509.0,471.0,509.0,21472.0,0.0,716.8128558095,21472.0,HVA->HVA,SYNAPSE_DENSITY,IN_VIVO_SIG_CORR
"(-0.1, -2.22e-16]",-0.03593194055345832,0.02876422642135585,-0.09350373058239633,0.01956377688401073,105.0,688.0,2969.0,0.0,947.0,872.0,947.0,32905.0,0.0,1142.7054355468001,32905.0,HVA->HVA,SYNAPSE_DENSITY,IN_VIVO_SIG_CORR
"(-2.22e-16, 0.1]",0.05355151669556117,0.03448542972841582,-0.010445220112054957,0.12309556014012064,105.0,552.0,2911.0,0.0,715.0,661.0,715.0,22349.0,0.0,794.1093141611,22349.0,HVA->HVA,SYNAPSE_DENSITY,IN_VIVO_SIG_CORR
"(0.1, 0.2]",0.06960286101020312,0.05143711301086814,-0.02753526570088993,0.17045795018885435,105.0,304.0,2599.0,0.0,391.0,344.0,391.0,12079.0,0.0,435.7906670272,12079.0,HVA->HVA,SYNAPSE_DENSITY,IN_VIVO_SIG_CORR
"(0.2, 0.3]",0.12009380570529364,0.07278661791530695,-0.015327845531060971,0.27429406920438953,105.0,173.0,2058.0,0.0,218.0,188.0,218.0,6251.0,0.0,234.891092932,6251.0,HVA->HVA,SYNAPSE_DENSITY,IN_VIVO_SIG_CORR
"(0.3, 0.4]",0.29697249279456783,0.10710393977980168,0.09158945557012277,0.5138268988504388,105.0,104.0,1345.0,0.0,126.0,109.0,126.0,2938.0,0.0,117.834259578,2938.0,HVA->HVA,SYNAPSE_DENSITY,IN_VIVO_SIG_CORR
"(0.4, 0.5]",0.23251563580462126,0.1381307060250255,-0.0180702628533555,0.5039294989178694,101.0,46.0,781.0,0.0,51.0,48.0,51.0,1315.0,0.0,51.536756139000005,1315.0,HVA->HVA,SYNAPSE_DENSITY,IN_VIVO_SIG_CORR
"(0.5, 0.6]",0.21377427521141273,0.2500508975575481,-0.23951050221617437,0.7430379178904113,83.0,20.0,376.0,0.0,24.0,20.0,24.0,519.0,0.0,23.481750554,519.0,HVA->HVA,SYNAPSE_DENSITY,IN_VIVO_SIG_CORR
"(0.6, 0.7]",0.032673941063816846,0.339622887412747,-0.5602757747201662,0.7114418803691068,55.0,6.0,158.0,0.0,7.0,6.0,7.0,192.0,0.0,8.42380196,192.0,HVA->HVA,SYNAPSE_DENSITY,IN_VIVO_SIG_CORR
"(0.7, 0.8]",1.3130908081848902,1.0593352523400619,-0.411983862293943,3.617673560661909,24.0,5.0,52.0,0.0,6.0,5.0,6.0,65.0,0.0,2.7233115900000002,65.0,HVA->HVA,SYNAPSE_DENSITY,IN_VIVO_SIG_CORR
"(0.8, 0.9]",1.1378121149754086,1.6068181181977428,-0.9432211022893271,5.097714259419169,10.0,2.0,13.0,0.0,2.0,2.0,2.0,15.0,0.0,1.12296951,15.0,HVA->HVA,SYNAPSE_DENSITY,IN_VIVO_SIG_CORR
"(-0.4, -0.3]",0.07163983334218826,1.4912388544106365,-2.252612433207164,3.43237162809455,6.0,2.0,38.0,0.0,2.0,2.0,2.0,40.0,0.0,0.88800507,40.0,V1->HVA,SYNAPSE_DENSITY,IN_VIVO_SIG_CORR
"(-0.3, -0.2]",-0.29104940768453674,0.36462654946895967,-0.9227231115035678,0.4678729926301778,24.0,18.0,450.0,0.0,21.0,18.0,21.0,593.0,0.0,14.3694311626,593.0,V1->HVA,SYNAPSE_DENSITY,IN_VIVO_SIG_CORR
"(-0.2, -0.1]",-0.12843267165849598,0.13737841013451038,-0.4076196418803855,0.14040170022517434,29.0,117.0,1875.0,0.0,140.0,123.0,140.0,3741.0,0.0,95.54679737699999,3741.0,V1->HVA,SYNAPSE_DENSITY,IN_VIVO_SIG_CORR
"(-0.1, -2.22e-16]",-0.17380452294976792,0.10672805108285996,-0.3739565598784548,0.0322788660321865,29.0,168.0,2317.0,0.0,196.0,175.0,196.0,5532.0,0.0,141.8703191365,5532.0,V1->HVA,SYNAPSE_DENSITY,IN_VIVO_SIG_CORR
"(-2.22e-16, 0.1]",0.049344609883455424,0.1446245987660492,-0.22520915888059273,0.352420353470268,29.0,121.0,1822.0,0.0,140.0,125.0,140.0,3417.0,0.0,86.935078648,3417.0,V1->HVA,SYNAPSE_DENSITY,IN_VIVO_SIG_CORR
"(0.1, 0.2]",0.16776781845364822,0.20483372522534365,-0.20588687755834778,0.5882365075346352,29.0,69.0,1139.0,0.0,78.0,71.0,78.0,1715.0,0.0,44.698867873,1715.0,V1->HVA,SYNAPSE_DENSITY,IN_VIVO_SIG_CORR
"(0.2, 0.3]",0.489731476981111,0.3136237526892688,-0.050936420201274576,1.140319083141488,26.0,44.0,661.0,0.0,50.0,44.0,50.0,889.0,0.0,23.830929424,889.0,V1->HVA,SYNAPSE_DENSITY,IN_VIVO_SIG_CORR
"(0.3, 0.4]",1.2166520654734196,0.5694752726653525,0.17873967345540528,2.398888566302092,27.0,25.0,358.0,0.0,31.0,26.0,31.0,449.0,0.0,10.845062438,449.0,V1->HVA,SYNAPSE_DENSITY,IN_VIVO_SIG_CORR
"(0.4, 0.5]",0.37986676842474987,0.6644369573213531,-0.845520162519005,1.8088120945210084,25.0,11.0,195.0,0.0,13.0,11.0,13.0,237.0,0.0,6.017090537999999,237.0,V1->HVA,SYNAPSE_DENSITY,IN_VIVO_SIG_CORR
"(0.5, 0.6]",0.2811701823516593,1.0008684340415974,-1.3949383393119252,2.4316312621252596,20.0,4.0,77.0,0.0,5.0,4.0,5.0,97.0,0.0,2.6709608440000006,97.0,V1->HVA,SYNAPSE_DENSITY,IN_VIVO_SIG_CORR
"(0.6, 0.7]",0.06965471700160328,1.340488330514824,-1.9596510136107483,3.0155533916727197,15.0,2.0,34.0,0.0,2.0,2.0,2.0,40.0,0.0,1.07014581,40.0,V1->HVA,SYNAPSE_DENSITY,IN_VIVO_SIG_CORR
"(0.7, 0.8]",2.9433214691438745,6.569021085277303,-1.8558532035951905,21.750249409655485,5.0,1.0,10.0,0.0,1.0,1.0,1.0,11.0,0.0,0.31850469000000003,11.0,V1->HVA,SYNAPSE_DENSITY,IN_VIVO_SIG_CORR
"(-0.4, -0.3]",-1.3445942082510156,0.05901740871744666,-1.457872670953999,-1.2382274567174365,23.0,0.0,93.0,0.0,0.0,0.0,0.0,109.0,0.0,1.8036967360000002,109.0,HVA->V1,SYNAPSE_DENSITY,IN_VIVO_SIG_CORR
"(-0.3, -0.2]",-0.014745357380937345,0.19388336193037217,-0.3627573220824384,0.3877175160727234,85.0,46.0,1263.0,0.0,50.0,46.0,50.0,2180.0,0.0,40.0281498354,2180.0,HVA->V1,SYNAPSE_DENSITY,IN_VIVO_SIG_CORR
"(-0.2, -0.1]",-0.29906183938756004,0.06729732275890044,-0.42993676192328,-0.15911830075011626,93.0,211.0,4711.0,0.0,242.0,220.0,242.0,12816.0,0.0,248.419137841,12816.0,HVA->V1,SYNAPSE_DENSITY,IN_VIVO_SIG_CORR
"(-0.1, -2.22e-16]",-0.056410341563388235,0.06083149757795789,-0.1715659407163498,0.07219045955720767,93.0,375.0,5690.0,0.0,434.0,400.0,434.0,17857.0,0.0,361.5240991172,17857.0,HVA->V1,SYNAPSE_DENSITY,IN_VIVO_SIG_CORR
"(-2.22e-16, 0.1]",0.12639468799527306,0.07868815831795478,-0.015414617891732582,0.270400773063416,93.0,291.0,4804.0,0.0,333.0,305.0,333.0,11709.0,0.0,241.20037791880003,11709.0,HVA->V1,SYNAPSE_DENSITY,IN_VIVO_SIG_CORR
"(0.1, 0.2]",0.14865184153198552,0.11111948475070409,-0.0595277970375532,0.36528666249208375,93.0,159.0,3250.0,0.0,181.0,164.0,181.0,6214.0,0.0,129.8243069129,6214.0,HVA->V1,SYNAPSE_DENSITY,IN_VIVO_SIG_CORR
"(0.2, 0.3]",0.48756596317748835,0.19357754839866279,0.13068544665252893,0.864867066330954,93.0,96.0,1933.0,0.0,116.0,98.0,116.0,3084.0,0.0,65.574083817,3084.0,HVA->V1,SYNAPSE_DENSITY,IN_VIVO_SIG_CORR
"(0.3, 0.4]",0.2531333195114007,0.22439372242690234,-0.17458492485559418,0.7246563115318743,91.0,44.0,1119.0,0.0,49.0,45.0,49.0,1531.0,0.0,31.773139393999998,1531.0,HVA->V1,SYNAPSE_DENSITY,IN_VIVO_SIG_CORR
"(0.4, 0.5]",0.8089375517814847,0.37315608190935906,0.10348717460326061,1.529488090006249,82.0,30.0,549.0,0.0,33.0,30.0,33.0,689.0,0.0,15.452123382,689.0,HVA->V1,SYNAPSE_DENSITY,IN_VIVO_SIG_CORR
"(0.5, 0.6]",-0.49264241232054773,0.31270337667281517,-1.0395918785143599,0.18915507197671425,60.0,5.0,251.0,0.0,5.0,5.0,5.0,289.0,0.0,7.159552338000001,289.0,HVA->V1,SYNAPSE_DENSITY,IN_VIVO_SIG_CORR
"(0.6, 0.7]",-0.29571909794654594,0.6422719184719369,-1.2281636864949852,1.0880959960119072,34.0,2.0,101.0,0.0,2.0,2.0,2.0,105.0,0.0,2.2656154,105.0,HVA->V1,SYNAPSE_DENSITY,IN_VIVO_SIG_CORR
"(0.7, 0.8]",-1.3764984110346865,0.10003944229481315,-1.5823751293704338,-1.1956335405513872,18.0,0.0,39.0,0.0,0.0,0.0,0.0,40.0,0.0,0.869660475,40.0,HVA->V1,SYNAPSE_DENSITY,IN_VIVO_SIG_CORR
"(-60.058, -30.029]",0.1157658776333729,0.14126512428709967,-0.14663042045473007,0.4066226280921772,23.0,121.0,1778.0,0.0,164.0,129.0,164.0,3507.0,0.0,115.313917267,3507.0,V1->V1,SYNAPSE_DENSITY,DELTA_ORI_CVT_MONET_FULL
"(-30.029, 0.0]",0.02382762816908506,0.07286981041493276,-0.11321663967874392,0.16508997126820626,23.0,310.0,2230.0,0.0,453.0,376.0,453.0,9857.0,0.0,346.1151103639,9857.0,V1->V1,SYNAPSE_DENSITY,DELTA_ORI_CVT_MONET_FULL
"(0.0, 30.029]",-0.07163554914189221,0.08719778292222383,-0.23948560998240045,0.09793793823807076,23.0,196.0,2488.0,0.0,252.0,217.0,252.0,6275.0,0.0,203.946324832,6275.0,V1->V1,SYNAPSE_DENSITY,DELTA_ORI_CVT_MONET_FULL
"(30.029, 60.058]",-0.06326077415230968,0.11074261105243749,-0.2708711402809194,0.16157701155094933,23.0,129.0,1500.0,0.0,165.0,144.0,165.0,4682.0,0.0,137.7533407262,4682.0,V1->V1,SYNAPSE_DENSITY,DELTA_ORI_CVT_MONET_FULL
"(-60.058, -30.029]",0.07213367804138629,0.08847487776606554,-0.09996055697362201,0.2597367348341386,42.0,99.0,887.0,0.0,130.0,118.0,130.0,3754.0,0.0,141.262955898,3754.0,HVA->HVA,SYNAPSE_DENSITY,DELTA_ORI_CVT_MONET_FULL
"(-30.029, 0.0]",0.009520414329239838,0.0728140684157188,-0.12614292851232994,0.15395921808838053,42.0,117.0,923.0,0.0,129.0,121.0,129.0,4251.0,0.0,160.87969284999997,4251.0,HVA->HVA,SYNAPSE_DENSITY,DELTA_ORI_CVT_MONET_FULL
"(0.0, 30.029]",-0.04137501768817943,0.06817858769457498,-0.17635034061960062,0.098174413940158,42.0,97.0,940.0,0.0,116.0,108.0,116.0,4366.0,0.0,163.209757438,4366.0,HVA->HVA,SYNAPSE_DENSITY,DELTA_ORI_CVT_MONET_FULL
"(30.029, 60.058]",-0.04217879788633374,0.08686956267028124,-0.200677462185626,0.13500027833054726,42.0,84.0,877.0,0.0,106.0,96.0,106.0,3715.0,0.0,134.803751947,3715.0,HVA->HVA,SYNAPSE_DENSITY,DELTA_ORI_CVT_MONET_FULL
"(-60.058, -30.029]",0.30409288224003433,0.3833915004069053,-0.38452894762471723,1.0979299252774606,15.0,32.0,408.0,0.0,42.0,32.0,42.0,724.0,0.0,20.690647914,724.0,V1->HVA,SYNAPSE_DENSITY,DELTA_ORI_CVT_MONET_FULL
"(-30.029, 0.0]",0.030188601249902816,0.22911154709313156,-0.39464443626527684,0.48405938375518515,15.0,45.0,531.0,0.0,56.0,48.0,56.0,1182.0,0.0,35.8511193799,1182.0,V1->HVA,SYNAPSE_DENSITY,DELTA_ORI_CVT_MONET_FULL
"(0.0, 30.029]",-0.27699670304861235,0.21367058942583675,-0.6854872285547324,0.1465388769049857,15.0,30.0,541.0,0.0,33.0,31.0,33.0,952.0,0.0,27.015610015,952.0,V1->HVA,SYNAPSE_DENSITY,DELTA_ORI_CVT_MONET_FULL
"(30.029, 60.058]",-0.0007791037584274334,0.3124897383614104,-0.6046406342288615,0.6085197186231072,15.0,30.0,397.0,0.0,37.0,32.0,37.0,794.0,0.0,21.1181575,794.0,V1->HVA,SYNAPSE_DENSITY,DELTA_ORI_CVT_MONET_FULL
"(-60.058, -30.029]",0.15571606025599907,0.19047996470406026,-0.18528645103447547,0.548954200281031,34.0,60.0,1351.0,0.0,70.0,61.0,70.0,2241.0,0.0,48.843053802,2241.0,HVA->V1,SYNAPSE_DENSITY,DELTA_ORI_CVT_MONET_FULL
"(-30.029, 0.0]",0.022995731824507173,0.12249993602274005,-0.20851333613398743,0.2637692949734562,37.0,102.0,1929.0,0.0,120.0,106.0,120.0,4427.0,0.0,96.16489446,4427.0,HVA->V1,SYNAPSE_DENSITY,DELTA_ORI_CVT_MONET_FULL
"(0.0, 30.029]",-0.050658141716654906,0.12087091201101863,-0.2781862685332069,0.19396889473785994,37.0,108.0,2201.0,0.0,123.0,115.0,123.0,4372.0,0.0,97.389113054,4372.0,HVA->V1,SYNAPSE_DENSITY,DELTA_ORI_CVT_MONET_FULL
"(30.029, 60.058]",-0.09989720493576099,0.16071027473795926,-0.3935242328516727,0.2559780395181195,36.0,48.0,1288.0,0.0,53.0,48.0,53.0,2213.0,0.0,48.427052197,2213.0,HVA->V1,SYNAPSE_DENSITY,DELTA_ORI_CVT_MONET_FULL
"(-83.096, -55.398]",-0.4394817952722409,4.2260708322841487e-17,-0.439481795272241,-0.43948179527224085,1.0,0.0,6.0,0.0,0.0,0.0,0.0,6.0,0.0,0.20170862,6.0,V1->V1,SYNAPSE_DENSITY,DELTA_ORI_IV
"(-55.398, -27.699]",0.047722332824460145,0.07482435192592071,-0.09220769101813711,0.19044430689006225,28.0,256.0,3321.0,0.0,325.0,273.0,325.0,8434.0,0.0,273.1422225096,8434.0,V1->V1,SYNAPSE_DENSITY,DELTA_ORI_IV
"(-27.699, 0.0]",0.0013624132583269098,0.05256980406426406,-0.10204753306120275,0.10501976949446232,28.0,444.0,3547.0,0.0,602.0,524.0,602.0,15541.0,0.0,525.5921890839,15541.0,V1->V1,SYNAPSE_DENSITY,DELTA_ORI_IV
"(0.0, 27.699]",0.023217369979840183,0.060861096463473895,-0.09242531284156975,0.13724836513826968,28.0,344.0,3763.0,0.0,415.0,375.0,415.0,11457.0,0.0,361.8890779004,11457.0,V1->V1,SYNAPSE_DENSITY,DELTA_ORI_IV
"(27.699, 55.398]",-0.07751445621711527,0.06816179395837839,-0.2020097126522028,0.0691413987390415,28.0,237.0,2769.0,0.0,302.0,274.0,302.0,9404.0,0.0,281.3326442865,9404.0,V1->V1,SYNAPSE_DENSITY,DELTA_ORI_IV
"(-55.398, -27.699]",-0.021080005512107057,0.04886647631005338,-0.11086705803086437,0.08170791081585933,79.0,235.0,1757.0,0.0,298.0,277.0,298.0,10444.0,0.0,369.0515229198,10444.0,HVA->HVA,SYNAPSE_DENSITY,DELTA_ORI_IV
"(-27.699, 0.0]",0.009793373624010938,0.04203417365681435,-0.07126997589554708,0.09043636096664887,79.0,364.0,1847.0,0.0,469.0,431.0,469.0,16585.0,0.0,566.2794877261999,16585.0,HVA->HVA,SYNAPSE_DENSITY,DELTA_ORI_IV
"(0.0, 27.699]",-0.02280990000216143,0.0384143659879241,-0.10097817866453769,0.052051752903959685,79.0,357.0,1843.0,0.0,460.0,422.0,460.0,16220.0,0.0,580.5261399893,16220.0,HVA->HVA,SYNAPSE_DENSITY,DELTA_ORI_IV
"(27.699, 55.398]",0.0394564074299649,0.050829670340628436,-0.053887043952291026,0.1411418608298304,79.0,245.0,1803.0,0.0,312.0,281.0,312.0,10650.0,0.0,366.3500667725,10650.0,HVA->HVA,SYNAPSE_DENSITY,DELTA_ORI_IV
"(-55.398, -27.699]",0.33857933911635835,0.2249207366756132,-0.09475326735018846,0.7937734412741554,20.0,75.0,728.0,0.0,95.0,77.0,95.0,1873.0,0.0,51.740726236,1873.0,V1->HVA,SYNAPSE_DENSITY,DELTA_ORI_IV
"(-27.699, 0.0]",-0.23301115358602398,0.13847963026753546,-0.4891278737375461,0.043426796741210305,20.0,73.0,1086.0,0.0,86.0,76.0,86.0,2548.0,0.0,71.5114474814,2548.0,V1->HVA,SYNAPSE_DENSITY,DELTA_ORI_IV
"(0.0, 27.699]",0.081757927866752,0.1483912135883684,-0.1959804291360534,0.378478686180232,20.0,97.0,1196.0,0.0,115.0,102.0,115.0,2852.0,0.0,75.9162671536,2852.0,V1->HVA,SYNAPSE_DENSITY,DELTA_ORI_IV
"(27.699, 55.398]",-0.17099068725321176,0.18672663964931077,-0.516560979860258,0.20129264601198782,20.0,52.0,822.0,0.0,64.0,55.0,64.0,1810.0,0.0,46.805210337,1810.0,V1->HVA,SYNAPSE_DENSITY,DELTA_ORI_IV
"(-83.096, -55.398]",0.5012779700710426,3.0964755172479146,-3.7074884019505783,5.535754178771324,2.0,1.0,14.0,0.0,2.0,1.0,2.0,15.0,0.0,0.45775456999999997,15.0,HVA->V1,SYNAPSE_DENSITY,DELTA_ORI_IV
"(-55.398, -27.699]",0.17949384093320067,0.11305046669468954,-0.024285477125170936,0.4089746054625869,65.0,166.0,3026.0,0.0,192.0,174.0,192.0,6269.0,0.0,128.190155938,6269.0,HVA->V1,SYNAPSE_DENSITY,DELTA_ORI_IV
"(-27.699, 0.0]",0.011976778160780868,0.08312164659421398,-0.14022796296303988,0.17448673391340092,66.0,226.0,3747.0,0.0,265.0,235.0,265.0,9906.0,0.0,207.8955317754,9906.0,HVA->V1,SYNAPSE_DENSITY,DELTA_ORI_IV
"(0.0, 27.699]",-0.07379016188758644,0.08029864881496565,-0.22875142461472178,0.08863569359138257,66.0,259.0,3675.0,0.0,287.0,274.0,287.0,10485.0,0.0,218.4800804996,10485.0,HVA->V1,SYNAPSE_DENSITY,DELTA_ORI_IV
"(27.699, 55.398]",-0.0833954787395436,0.10432205032476054,-0.27931369313572185,0.1267784869926085,66.0,130.0,3030.0,0.0,145.0,136.0,145.0,6096.0,0.0,122.5196230852,6096.0,HVA->V1,SYNAPSE_DENSITY,DELTA_ORI_IV
"(55.398, 83.096]",-1.1259510546751572,0.27986211935834904,-1.756683949270665,-0.6884232022082984,4.0,0.0,15.0,0.0,0.0,0.0,0.0,18.0,0.0,0.3304145,18.0,HVA->V1,SYNAPSE_DENSITY,DELTA_ORI_IV
"(-20.914, -10.457]",-0.055040100098557844,0.12345526540211081,-0.28741600845052173,0.1890526585482408,28.0,89.0,1796.0,0.0,100.0,89.0,100.0,2827.0,0.0,90.6834444596,2827.0,V1->V1,SYNAPSE_DENSITY,READOUT_LOCATION_DISTANCE_STA
"(-10.457, 0.0]",0.016787273724081217,0.031339926580748974,-0.043124475770933764,0.07876933591101347,36.0,1049.0,5053.0,0.0,1617.0,1414.0,1617.0,40588.0,0.0,1423.2566826034,40588.0,V1->V1,SYNAPSE_DENSITY,READOUT_LOCATION_DISTANCE_STA
"(0.0, 10.457]",-0.029089403208907978,0.04356877347573918,-0.11409862652902801,0.058728359185649115,36.0,646.0,5306.0,0.0,841.0,737.0,841.0,26932.0,0.0,765.2691583981,26932.0,V1->V1,SYNAPSE_DENSITY,READOUT_LOCATION_DISTANCE_STA
"(10.457, 20.914]",0.027493552058250655,0.09879477847909561,-0.1503168956797015,0.23196769121762326,36.0,131.0,1555.0,0.0,166.0,151.0,166.0,5970.0,0.0,142.1043725847,5970.0,V1->V1,SYNAPSE_DENSITY,READOUT_LOCATION_DISTANCE_STA
"(20.914, 31.372]",-0.05595474198519689,0.25455311024814703,-0.5126228371257312,0.5072860546652652,35.0,18.0,279.0,0.0,19.0,19.0,19.0,835.0,0.0,16.8705668697,835.0,V1->V1,SYNAPSE_DENSITY,READOUT_LOCATION_DISTANCE_STA
"(31.372, 41.829]",-0.6847354462115647,0.6344047837475525,-1.4920614752322712,0.8538738292858422,26.0,1.0,25.0,0.0,1.0,1.0,1.0,82.0,0.0,1.577922565,82.0,V1->V1,SYNAPSE_DENSITY,READOUT_LOCATION_DISTANCE_STA
"(-31.372, -20.914]",0.04798565030443464,0.20038802584788337,-0.33728021971341304,0.4599822381451235,35.0,23.0,467.0,0.0,26.0,24.0,26.0,678.0,0.0,25.964047942,678.0,HVA->HVA,SYNAPSE_DENSITY,READOUT_LOCATION_DISTANCE_STA
"(-20.914, -10.457]",-0.02902279956079783,0.04274653205248396,-0.11236376430397081,0.055869545080497005,99.0,397.0,2318.0,0.0,549.0,481.0,549.0,14663.0,0.0,634.7060830402,14663.0,HVA->HVA,SYNAPSE_DENSITY,READOUT_LOCATION_DISTANCE_STA
"(-10.457, 0.0]",-0.041278139456124824,0.026886370639369172,-0.09283942290091861,0.012065919940258775,99.0,677.0,2514.0,0.0,1027.0,938.0,1027.0,33191.0,0.0,1282.6893737127,33191.0,HVA->HVA,SYNAPSE_DENSITY,READOUT_LOCATION_DISTANCE_STA
"(0.0, 10.457]",0.03386191832718032,0.032513300773931685,-0.023505386827605744,0.10155867710035459,99.0,597.0,2580.0,0.0,796.0,727.0,796.0,28139.0,0.0,911.4871864099,28139.0,HVA->HVA,SYNAPSE_DENSITY,READOUT_LOCATION_DISTANCE_STA
"(10.457, 20.914]",0.07955285300279824,0.053979089457070396,-0.024911008794920687,0.18639639979051356,99.0,258.0,1867.0,0.0,331.0,305.0,331.0,12767.0,0.0,350.211953296,12767.0,HVA->HVA,SYNAPSE_DENSITY,READOUT_LOCATION_DISTANCE_STA
"(20.914, 31.372]",0.11228005323776752,0.1346891178226424,-0.13767524151886099,0.38074576049262115,94.0,60.0,558.0,0.0,68.0,62.0,68.0,2576.0,0.0,67.06860251660001,2576.0,HVA->HVA,SYNAPSE_DENSITY,READOUT_LOCATION_DISTANCE_STA
"(31.372, 41.829]",0.565876944228177,0.628907707567177,-0.4721897485008328,1.9842753211550441,36.0,4.0,42.0,0.0,6.0,6.0,6.0,139.0,0.0,4.0275453599999995,139.0,HVA->HVA,SYNAPSE_DENSITY,READOUT_LOCATION_DISTANCE_STA
"(-31.372, -20.914]",-0.21278685805130476,1.1767388917891202,-1.559911543541956,2.617534039669202,8.0,1.0,41.0,0.0,1.0,1.0,1.0,44.0,0.0,0.82910942,44.0,V1->HVA,SYNAPSE_DENSITY,READOUT_LOCATION_DISTANCE_STA
"(-20.914, -10.457]",0.04352505185028341,0.18229984088978962,-0.2948757595857184,0.41338729637090377,29.0,70.0,866.0,0.0,88.0,77.0,88.0,2115.0,0.0,56.270581332599996,2115.0,V1->HVA,SYNAPSE_DENSITY,READOUT_LOCATION_DISTANCE_STA
"(-10.457, 0.0]",-0.05086259655435922,0.11289212230973057,-0.26967570393997065,0.169898876340171,29.0,187.0,1674.0,0.0,224.0,194.0,224.0,5509.0,0.0,148.706375296,5509.0,V1->HVA,SYNAPSE_DENSITY,READOUT_LOCATION_DISTANCE_STA
"(0.0, 10.457]",0.09488303568004153,0.12985239327461545,-0.16298895914719175,0.34967574375808197,29.0,171.0,1762.0,0.0,204.0,181.0,204.0,4822.0,0.0,119.55980146350001,4822.0,V1->HVA,SYNAPSE_DENSITY,READOUT_LOCATION_DISTANCE_STA
"(10.457, 20.914]",-0.0845200374496335,0.19956150111658885,-0.4604040565754387,0.308134824862591,28.0,50.0,734.0,0.0,59.0,54.0,59.0,1802.0,0.0,39.679670411000004,1802.0,V1->HVA,SYNAPSE_DENSITY,READOUT_LOCATION_DISTANCE_STA
"(20.914, 31.372]",-0.3876836570261355,0.32638624346746037,-1.0119400674713677,0.2912506880332444,25.0,8.0,149.0,0.0,8.0,8.0,8.0,333.0,0.0,8.079930877999999,333.0,V1->HVA,SYNAPSE_DENSITY,READOUT_LOCATION_DISTANCE_STA
"(31.372, 41.829]",-1.3785938627695464,0.14817236361419087,-1.7049329229711605,-1.1340110742060208,6.0,0.0,10.0,0.0,0.0,0.0,0.0,16.0,0.0,0.46175605,16.0,V1->HVA,SYNAPSE_DENSITY,READOUT_LOCATION_DISTANCE_STA
"(-31.372, -20.914]",1.6568614579816605,1.7929978080474274,-1.4063543228597764,5.115562061292644,19.0,2.0,33.0,0.0,2.0,2.0,2.0,45.0,0.0,0.644767851,45.0,HVA->V1,SYNAPSE_DENSITY,READOUT_LOCATION_DISTANCE_STA
"(-20.914, -10.457]",0.3715132496263086,0.18900386421154564,0.017438330875638654,0.7654047684691582,84.0,82.0,2077.0,0.0,94.0,83.0,94.0,2973.0,0.0,58.652407424,2973.0,HVA->V1,SYNAPSE_DENSITY,READOUT_LOCATION_DISTANCE_STA
"(-10.457, 0.0]",0.10706867983121877,0.05659177968232899,-0.006760464978162475,0.21448021715239143,90.0,560.0,5421.0,0.0,693.0,618.0,693.0,23546.0,0.0,497.88287202460003,23546.0,HVA->V1,SYNAPSE_DENSITY,READOUT_LOCATION_DISTANCE_STA
"(0.0, 10.457]",-0.14451222555312376,0.05838902783580178,-0.25115012059608327,-0.03076597712588126,90.0,336.0,5026.0,0.0,380.0,353.0,380.0,17705.0,0.0,344.4932630517,17705.0,HVA->V1,SYNAPSE_DENSITY,READOUT_LOCATION_DISTANCE_STA
"(10.457, 20.914]",-0.36354095112813894,0.11383675042469124,-0.5723158290206319,-0.11369965283693756,89.0,68.0,1481.0,0.0,72.0,69.0,72.0,4154.0,0.0,78.131842105,4154.0,HVA->V1,SYNAPSE_DENSITY,READOUT_LOCATION_DISTANCE_STA
"(20.914, 31.372]",0.03742000474447675,0.36650967162743936,-0.6350163220342253,0.7792836471661844,73.0,9.0,224.0,0.0,12.0,12.0,12.0,494.0,0.0,8.602800748,494.0,HVA->V1,SYNAPSE_DENSITY,READOUT_LOCATION_DISTANCE_STA
"(31.372, 41.829]",2.534481960748426,2.3239574377593857,-1.342836529822441,7.474898311872118,18.0,2.0,16.0,0.0,2.0,2.0,2.0,31.0,0.0,0.51232267,31.0,HVA->V1,SYNAPSE_DENSITY,READOUT_LOCATION_DISTANCE_STA
"(-0.4, -0.3]",0.0015232068163420819,0.0024695245561394165,-0.00265668754662031,0.007150816138963211,9.0,0.0,12.0,24.0,0.0,0.0,0.0,12.0,25.0,0.26614171,37.0,V1->V1,LD_DENSITY_CONTROL,IN_SILICO_SIG_CORR_CVT
"(-0.3, -0.2]",-0.0009964907127209524,0.0003758974809257418,-0.0017373957591787432,-0.0002212187247245505,27.0,0.0,427.0,975.0,0.0,0.0,0.0,570.0,1518.0,14.618619741,2088.0,V1->V1,LD_DENSITY_CONTROL,IN_SILICO_SIG_CORR_CVT
"(-0.2, -0.1]",-0.000981148888651227,0.00011005512158510626,-0.0012042807385490787,-0.0007641445983893655,36.0,0.0,3624.0,6031.0,0.0,0.0,0.0,8358.0,22716.0,235.3529223335,31074.0,V1->V1,LD_DENSITY_CONTROL,IN_SILICO_SIG_CORR_CVT
"(-0.1, -2.22e-16]",-0.0005744621966375908,6.15141529442586e-05,-0.0006954042069873417,-0.0004559205204403637,36.0,0.0,5939.0,7294.0,0.0,0.0,0.0,31843.0,82271.0,943.3240357952001,114114.0,V1->V1,LD_DENSITY_CONTROL,IN_SILICO_SIG_CORR_CVT
"(-2.22e-16, 0.1]",0.00029409129891660795,8.169208031107869e-05,0.00012879859112913653,0.00044728701039544827,36.0,0.0,5575.0,7251.0,0.0,0.0,0.0,22037.0,53619.0,704.0084187168,75656.0,V1->V1,LD_DENSITY_CONTROL,IN_SILICO_SIG_CORR_CVT
"(0.1, 0.2]",0.0015132953055037007,0.0001444219879608167,0.0012280320960995615,0.0017981893930356509,36.0,0.0,3884.0,6370.0,0.0,0.0,0.0,8136.0,18497.0,268.080820304,26633.0,V1->V1,LD_DENSITY_CONTROL,IN_SILICO_SIG_CORR_CVT
"(0.2, 0.3]",0.0025337841416671206,0.0002843022786739597,0.0019823667637771185,0.0031015061880801283,36.0,0.0,1938.0,3519.0,0.0,0.0,0.0,2662.0,5310.0,86.81183069600002,7972.0,V1->V1,LD_DENSITY_CONTROL,IN_SILICO_SIG_CORR_CVT
"(0.3, 0.4]",0.004705364215254029,0.0005505261801142709,0.0036453599566766475,0.005831509480807506,36.0,0.0,754.0,1184.0,0.0,0.0,0.0,862.0,1373.0,29.303881423999997,2235.0,V1->V1,LD_DENSITY_CONTROL,IN_SILICO_SIG_CORR_CVT
"(0.4, 0.5]",0.005738402669432629,0.0011609650616284549,0.0035153534460671543,0.008099093617323685,34.0,0.0,245.0,330.0,0.0,0.0,0.0,256.0,350.0,8.43668595,606.0,V1->V1,LD_DENSITY_CONTROL,IN_SILICO_SIG_CORR_CVT
"(0.5, 0.6]",0.006162200444127647,0.0023900094619973772,0.0018295480004517578,0.011225316737720897,24.0,0.0,73.0,98.0,0.0,0.0,0.0,73.0,104.0,2.61078408,177.0,V1->V1,LD_DENSITY_CONTROL,IN_SILICO_SIG_CORR_CVT
"(0.6, 0.7]",0.0016615152800495895,0.003368259950061957,-0.004405188247201112,0.008378988077346388,11.0,0.0,17.0,20.0,0.0,0.0,0.0,17.0,20.0,0.40685047,37.0,V1->V1,LD_DENSITY_CONTROL,IN_SILICO_SIG_CORR_CVT
"(-0.5, -0.4]",-0.0032732990033185983,0.0006981097229168253,-0.004532643125732767,-0.0017664483262501923,31.0,0.0,20.0,70.0,0.0,0.0,0.0,24.0,196.0,0.52635684,220.0,HVA->HVA,LD_DENSITY_CONTROL,IN_SILICO_SIG_CORR_CVT
"(-0.4, -0.3]",-0.003295760064375547,0.00029355836818144705,-0.0038501904668523427,-0.0027071816014072165,68.0,0.0,163.0,372.0,0.0,0.0,0.0,378.0,1817.0,9.234778243000001,2195.0,HVA->HVA,LD_DENSITY_CONTROL,IN_SILICO_SIG_CORR_CVT
"(-0.3, -0.2]",-0.002229549107780289,0.000168809172090235,-0.002554155030870607,-0.0019117813875367132,100.0,0.0,737.0,1226.0,0.0,0.0,0.0,2642.0,9566.0,76.17750683,12208.0,HVA->HVA,LD_DENSITY_CONTROL,IN_SILICO_SIG_CORR_CVT
"(-0.2, -0.1]",-0.0015239427545945877,9.776141878125374e-05,-0.0017162314126784974,-0.0013355574735514737,102.0,0.0,2207.0,2753.0,0.0,0.0,0.0,13596.0,36699.0,417.5570334026,50295.0,HVA->HVA,LD_DENSITY_CONTROL,IN_SILICO_SIG_CORR_CVT
"(-0.1, -2.22e-16]",-0.00046435744261021425,7.711451425539756e-05,-0.0006188863222740425,-0.0003142374376559169,102.0,0.0,2593.0,3077.0,0.0,0.0,0.0,29335.0,70079.0,994.5612201644001,99414.0,HVA->HVA,LD_DENSITY_CONTROL,IN_SILICO_SIG_CORR_CVT
"(-2.22e-16, 0.1]",9.096366047474971e-05,8.646575189981734e-05,-8.130837633081414e-05,0.0002534594166109767,102.0,0.0,2549.0,3071.0,0.0,0.0,0.0,24611.0,58614.0,853.487712379,83225.0,HVA->HVA,LD_DENSITY_CONTROL,IN_SILICO_SIG_CORR_CVT
"(0.1, 0.2]",0.0015711342564960445,0.00012660718746270946,0.001332914881325159,0.001814083049147401,102.0,0.0,2264.0,2951.0,0.0,0.0,0.0,13152.0,29881.0,484.7955974608001,43033.0,HVA->HVA,LD_DENSITY_CONTROL,IN_SILICO_SIG_CORR_CVT
"(0.2, 0.3]",0.0035844885584650106,0.00023308750445757653,0.0031330126152265153,0.00402232130994266,102.0,0.0,1677.0,2314.0,0.0,0.0,0.0,5266.0,10534.0,203.18730747159998,15800.0,HVA->HVA,LD_DENSITY_CONTROL,IN_SILICO_SIG_CORR_CVT
"(0.3, 0.4]",0.004929813034604672,0.00044576213069449965,0.004036830322330536,0.005786919340925294,102.0,0.0,828.0,1222.0,0.0,0.0,0.0,1469.0,2700.0,57.001171367,4169.0,HVA->HVA,LD_DENSITY_CONTROL,IN_SILICO_SIG_CORR_CVT
"(0.4, 0.5]",0.006396534081439357,0.0013196193764231498,0.003841010376572056,0.009241935548122146,82.0,0.0,214.0,359.0,0.0,0.0,0.0,261.0,471.0,11.118155668,732.0,HVA->HVA,LD_DENSITY_CONTROL,IN_SILICO_SIG_CORR_CVT
"(0.5, 0.6]",0.00868499784444202,0.0029857837008193545,0.003255951750798757,0.01449501401323054,45.0,0.0,57.0,54.0,0.0,0.0,0.0,62.0,57.0,2.4225865,119.0,HVA->HVA,LD_DENSITY_CONTROL,IN_SILICO_SIG_CORR_CVT
"(0.6, 0.7]",0.005533686550361989,0.010254043482351417,-0.012143428643079789,0.028800623998689562,9.0,0.0,6.0,6.0,0.0,0.0,0.0,6.0,6.0,0.25578470000000003,12.0,HVA->HVA,LD_DENSITY_CONTROL,IN_SILICO_SIG_CORR_CVT
"(-0.4, -0.3]",-0.0017516437406982289,0.0007075194636012577,-0.003026039918681385,-0.00031108568226702365,6.0,0.0,4.0,30.0,0.0,0.0,0.0,4.0,32.0,0.04177311,36.0,V1->HVA,LD_DENSITY_CONTROL,IN_SILICO_SIG_CORR_CVT
"(-0.3, -0.2]",-0.0012728249703372533,0.0003065520132075176,-0.0018379403041088494,-0.0006770802136588517,22.0,0.0,83.0,496.0,0.0,0.0,0.0,86.0,708.0,1.710378157,794.0,V1->HVA,LD_DENSITY_CONTROL,IN_SILICO_SIG_CORR_CVT
"(-0.2, -0.1]",-0.0004931907003729155,0.00010535063994920146,-0.0006889229151007347,-0.0002866982031255619,29.0,0.0,958.0,2455.0,0.0,0.0,0.0,1430.0,7995.0,30.452029002499998,9425.0,V1->HVA,LD_DENSITY_CONTROL,IN_SILICO_SIG_CORR_CVT
"(-0.1, -2.22e-16]",-0.0002649687786376674,6.20098727280487e-05,-0.00038507357889505894,-0.0001469924762235005,29.0,0.0,2203.0,3078.0,0.0,0.0,0.0,5725.0,32680.0,141.454788073,38405.0,V1->HVA,LD_DENSITY_CONTROL,IN_SILICO_SIG_CORR_CVT
"(-2.22e-16, 0.1]",0.0002793625498809248,7.696258310170064e-05,0.0001303427793413311,0.0004427260871186411,29.0,0.0,2027.0,3069.0,0.0,0.0,0.0,4825.0,23561.0,123.47599901760002,28386.0,V1->HVA,LD_DENSITY_CONTROL,IN_SILICO_SIG_CORR_CVT
"(0.1, 0.2]",0.0005903653352193351,0.0001364540197395454,0.0003266777985896605,0.0008645840969952349,29.0,0.0,1038.0,2698.0,0.0,0.0,0.0,1541.0,7314.0,38.443691681000004,8855.0,V1->HVA,LD_DENSITY_CONTROL,IN_SILICO_SIG_CORR_CVT
"(0.2, 0.3]",0.0008553047960235993,0.0002780783309612364,0.00032770087968465856,0.0014302387647727316,29.0,0.0,348.0,1337.0,0.0,0.0,0.0,398.0,1794.0,9.596662779999999,2192.0,V1->HVA,LD_DENSITY_CONTROL,IN_SILICO_SIG_CORR_CVT
"(0.3, 0.4]",0.001118814423384516,0.0005730844865272347,8.557319068329865e-05,0.0023136553317986315,29.0,0.0,90.0,393.0,0.0,0.0,0.0,90.0,435.0,2.2912542699999996,525.0,V1->HVA,LD_DENSITY_CONTROL,IN_SILICO_SIG_CORR_CVT
"(0.4, 0.5]",0.0024405725595318365,0.0020542942132815408,-0.0005757916146327031,0.007333798083510986,20.0,0.0,24.0,91.0,0.0,0.0,0.0,24.0,94.0,0.6611916499999999,118.0,V1->HVA,LD_DENSITY_CONTROL,IN_SILICO_SIG_CORR_CVT
"(0.5, 0.6]",0.0013383504116901651,0.0016949026782245504,-0.0014583141174213587,0.0051956326928348185,9.0,0.0,3.0,16.0,0.0,0.0,0.0,3.0,18.0,0.062401,21.0,V1->HVA,LD_DENSITY_CONTROL,IN_SILICO_SIG_CORR_CVT
"(-0.5, -0.4]",-0.0006125192473296028,0.00011255374712369824,-0.0008272468016615271,-0.0003914621329396133,8.0,0.0,0.0,6.0,0.0,0.0,0.0,0.0,12.0,0.0,12.0,HVA->V1,LD_DENSITY_CONTROL,IN_SILICO_SIG_CORR_CVT
"(-0.4, -0.3]",-0.00027019302090437893,0.00020683608141215733,-0.0006248952627025921,0.00014817746667229338,43.0,0.0,26.0,192.0,0.0,0.0,0.0,36.0,430.0,0.50696652,466.0,HVA->V1,LD_DENSITY_CONTROL,IN_SILICO_SIG_CORR_CVT
"(-0.3, -0.2]",-3.538650788277708e-05,6.315061777658879e-05,-0.00015895344928060668,8.527192968157375e-05,87.0,0.0,450.0,1957.0,0.0,0.0,0.0,731.0,8861.0,13.1618407954,9592.0,HVA->V1,LD_DENSITY_CONTROL,IN_SILICO_SIG_CORR_CVT
"(-0.2, -0.1]",-0.00010013373624650144,2.0555208435332174e-05,-0.00013845055984720948,-6.011198208149596e-05,92.0,0.0,2834.0,6656.0,0.0,0.0,0.0,6850.0,88153.0,123.5014976427,95003.0,HVA->V1,LD_DENSITY_CONTROL,IN_SILICO_SIG_CORR_CVT
"(-0.1, -2.22e-16]",-0.0001181776341539241,1.3147001615968767e-05,-0.00014326937510689486,-9.188717388333233e-05,92.0,0.0,5315.0,7303.0,0.0,0.0,0.0,17932.0,245585.0,345.1866453695,263517.0,HVA->V1,LD_DENSITY_CONTROL,IN_SILICO_SIG_CORR_CVT
"(-2.22e-16, 0.1]",4.719666353900604e-05,1.5964541025839484e-05,1.610299708335253e-05,7.798580890052533e-05,92.0,0.0,4582.0,7301.0,0.0,0.0,0.0,13701.0,180600.0,279.289998384,194301.0,HVA->V1,LD_DENSITY_CONTROL,IN_SILICO_SIG_CORR_CVT
"(0.1, 0.2]",0.0001885783597491182,2.6887148834469423e-05,0.0001329096781346312,0.00024292286880079486,92.0,0.0,2753.0,6974.0,0.0,0.0,0.0,5823.0,70851.0,119.7102862045,76674.0,HVA->V1,LD_DENSITY_CONTROL,IN_SILICO_SIG_CORR_CVT
"(0.2, 0.3]",0.0004959543979032867,5.375686145951919e-05,0.00039276739406055266,0.0006032943879866735,92.0,0.0,1345.0,4989.0,0.0,0.0,0.0,2135.0,21317.0,44.9950307636,23452.0,HVA->V1,LD_DENSITY_CONTROL,IN_SILICO_SIG_CORR_CVT
"(0.3, 0.4]",0.000647414856882249,0.00011582350038932864,0.0004337253398602957,0.0008776602011097809,92.0,0.0,479.0,2385.0,0.0,0.0,0.0,616.0,5487.0,13.275195018,6103.0,HVA->V1,LD_DENSITY_CONTROL,IN_SILICO_SIG_CORR_CVT
"(0.4, 0.5]",0.0010040892281420897,0.0003276870807034368,0.0004254634405093408,0.0016624464322573342,85.0,0.0,139.0,798.0,0.0,0.0,0.0,153.0,1204.0,3.642152696,1357.0,HVA->V1,LD_DENSITY_CONTROL,IN_SILICO_SIG_CORR_CVT
"(0.5, 0.6]",0.002255397226299415,0.0009100214171252446,0.0005919573623964377,0.004124710893706299,49.0,0.0,39.0,198.0,0.0,0.0,0.0,40.0,234.0,1.167589816,274.0,HVA->V1,LD_DENSITY_CONTROL,IN_SILICO_SIG_CORR_CVT
"(0.6, 0.7]",8.433725006947948e-05,0.001386874827655238,-0.0023623092796663447,0.003084047052565951,18.0,0.0,9.0,37.0,0.0,0.0,0.0,9.0,39.0,0.1801466,48.0,HVA->V1,LD_DENSITY_CONTROL,IN_SILICO_SIG_CORR_CVT
"(-0.399, -0.3]",0.0014616248571240407,0.002161855347460932,-0.002330973985769249,0.0058044714458282175,28.0,0.0,54.0,99.0,0.0,0.0,0.0,55.0,102.0,1.62862909,157.0,V1->V1,LD_DENSITY_CONTROL,READOUT_SIMILARITY_CVT
"(-0.3, -0.2]",-0.0005822846653617312,0.0002920063640236025,-0.0011515760178881413,-2.4367928559045852e-05,36.0,0.0,1072.0,2382.0,0.0,0.0,0.0,1295.0,3229.0,36.335238403999995,4524.0,V1->V1,LD_DENSITY_CONTROL,READOUT_SIMILARITY_CVT
"(-0.2, -0.0999]",-0.0006942408714965815,0.00010623194222755681,-0.0009077097243790187,-0.0004989272090088784,36.0,0.0,4396.0,6844.0,0.0,0.0,0.0,9834.0,25779.0,285.1687392074,35613.0,V1->V1,LD_DENSITY_CONTROL,READOUT_SIMILARITY_CVT
"(-0.0999, 0.0]",-0.000548751928513591,7.080119434531255e-05,-0.0006892694550974026,-0.0004099472269839548,36.0,0.0,5808.0,7281.0,0.0,0.0,0.0,25602.0,67324.0,768.8765837679,92926.0,V1->V1,LD_DENSITY_CONTROL,READOUT_SIMILARITY_CVT
"(0.0, 0.0999]",0.00011926312226006786,7.583374604390834e-05,-2.4772836251968974e-05,0.0002776599864044047,36.0,0.0,5735.0,7271.0,0.0,0.0,0.0,25230.0,62013.0,783.9905327874,87243.0,V1->V1,LD_DENSITY_CONTROL,READOUT_SIMILARITY_CVT
"(0.0999, 0.2]",0.0014016038620606494,0.00013334473615463815,0.0011374860659785174,0.001655848572450719,36.0,0.0,4410.0,6814.0,0.0,0.0,0.0,10333.0,22756.0,335.6966653188,33089.0,V1->V1,LD_DENSITY_CONTROL,READOUT_SIMILARITY_CVT
"(0.2, 0.3]",0.002549866626665964,0.00031991539788222374,0.0019182064267218588,0.0031640426126707064,36.0,0.0,1629.0,2925.0,0.0,0.0,0.0,2112.0,4129.0,69.29301926299999,6241.0,V1->V1,LD_DENSITY_CONTROL,READOUT_SIMILARITY_CVT
"(0.3, 0.399]",0.005099167568206996,0.0009184354283668789,0.003311697848224737,0.006955219211118241,36.0,0.0,301.0,403.0,0.0,0.0,0.0,318.0,436.0,10.072932792,754.0,V1->V1,LD_DENSITY_CONTROL,READOUT_SIMILARITY_CVT
"(-0.399, -0.3]",-0.003816237250800648,0.0009712592354559951,-0.005617567104934893,-0.0017439818193032523,74.0,0.0,44.0,160.0,0.0,0.0,0.0,50.0,211.0,1.2708571,261.0,HVA->HVA,LD_DENSITY_CONTROL,READOUT_SIMILARITY_CVT
"(-0.3, -0.2]",-0.0024779438899895727,0.00025492884259181953,-0.0029757998744481097,-0.001964267669233515,102.0,0.0,815.0,1604.0,0.0,0.0,0.0,1392.0,4489.0,41.334690084,5881.0,HVA->HVA,LD_DENSITY_CONTROL,READOUT_SIMILARITY_CVT
"(-0.2, -0.0999]",-0.0019179231270236156,0.00010260633574641594,-0.0021129411414543596,-0.0017166420556027349,102.0,0.0,2359.0,3002.0,0.0,0.0,0.0,10985.0,31232.0,335.52147795200005,42217.0,HVA->HVA,LD_DENSITY_CONTROL,READOUT_SIMILARITY_CVT
"(-0.0999, 0.0]",-0.0010271613321725184,6.842936207093922e-05,-0.00115819549864338,-0.0008990986961385411,102.0,0.0,2619.0,3078.0,0.0,0.0,0.0,30066.0,78862.0,988.3989347446999,108928.0,HVA->HVA,LD_DENSITY_CONTROL,READOUT_SIMILARITY_CVT
"(0.0, 0.0999]",0.0005807158470833004,7.548400055761436e-05,0.0004331547138224308,0.0007308714338303712,102.0,0.0,2600.0,3077.0,0.0,0.0,0.0,31946.0,74147.0,1124.6178636873,106093.0,HVA->HVA,LD_DENSITY_CONTROL,READOUT_SIMILARITY_CVT
"(0.0999, 0.2]",0.00238224077420025,0.000136962380717292,0.002128717442290297,0.00265339753219808,102.0,0.0,2358.0,3029.0,0.0,0.0,0.0,13356.0,27119.0,493.6209897374,40475.0,HVA->HVA,LD_DENSITY_CONTROL,READOUT_SIMILARITY_CVT
"(0.2, 0.3]",0.006021672775099883,0.00039217015974156,0.0052815936399740705,0.006795983381086198,102.0,0.0,1339.0,1868.0,0.0,0.0,0.0,2686.0,4189.0,109.39814896099999,6875.0,HVA->HVA,LD_DENSITY_CONTROL,READOUT_SIMILARITY_CVT
"(0.3, 0.399]",0.013078698049993431,0.0016733443143280816,0.010043907794465809,0.016509799975078555,90.0,0.0,250.0,302.0,0.0,0.0,0.0,289.0,358.0,14.95920313,647.0,HVA->HVA,LD_DENSITY_CONTROL,READOUT_SIMILARITY_CVT
"(-0.399, -0.3]",0.0030636396845397608,0.0041532441737060334,-0.003595983308658372,0.0123572100473239,13.0,0.0,4.0,19.0,0.0,0.0,0.0,4.0,19.0,0.1686784,23.0,V1->HVA,LD_DENSITY_CONTROL,READOUT_SIMILARITY_CVT
"(-0.3, -0.2]",-0.0004505087966502516,0.00037973530310877123,-0.0011276187814095665,0.0003247480586480973,29.0,0.0,120.0,600.0,0.0,0.0,0.0,124.0,729.0,3.105368049,853.0,V1->HVA,LD_DENSITY_CONTROL,READOUT_SIMILARITY_CVT
"(-0.2, -0.0999]",-8.800453627270903e-05,0.00011620443588390325,-0.0003311849501602725,0.00015263032242535045,29.0,0.0,1136.0,2813.0,0.0,0.0,0.0,1620.0,8739.0,40.188636097,10359.0,V1->HVA,LD_DENSITY_CONTROL,READOUT_SIMILARITY_CVT
"(-0.0999, 0.0]",-0.00012093617739466869,6.675417805166543e-05,-0.0002557228679060108,1.1955295127292354e-05,29.0,0.0,2146.0,3077.0,0.0,0.0,0.0,5204.0,28801.0,128.4247627032,34005.0,V1->HVA,LD_DENSITY_CONTROL,READOUT_SIMILARITY_CVT
"(0.0, 0.0999]",2.1695912598059728e-05,6.557138904764437e-05,-0.00010703055635215633,0.0001508002477270292,29.0,0.0,2122.0,3076.0,0.0,0.0,0.0,5175.0,26929.0,126.07014605089998,32104.0,V1->HVA,LD_DENSITY_CONTROL,READOUT_SIMILARITY_CVT
"(0.0999, 0.2]",0.0003228060216617107,0.00012811864346255677,8.57561806367118e-05,0.0005750581581271487,29.0,0.0,1134.0,2763.0,0.0,0.0,0.0,1729.0,8279.0,43.275205308,10008.0,V1->HVA,LD_DENSITY_CONTROL,READOUT_SIMILARITY_CVT
"(0.2, 0.3]",0.0007014487849708877,0.00036273615914392667,1.616173805856031e-05,0.0014045132896801339,29.0,0.0,224.0,832.0,0.0,0.0,0.0,248.0,1072.0,6.141091873,1320.0,V1->HVA,LD_DENSITY_CONTROL,READOUT_SIMILARITY_CVT
"(0.3, 0.399]",0.00633317977408635,0.003075572605726576,0.001446657604283855,0.013395916484611642,23.0,0.0,21.0,58.0,0.0,0.0,0.0,22.0,62.0,0.81628026,84.0,V1->HVA,LD_DENSITY_CONTROL,READOUT_SIMILARITY_CVT
"(-0.399, -0.3]",-0.0006953938875922773,0.0002591217789658606,-0.001160909594872809,-0.00011954566877273612,64.0,0.0,9.0,165.0,0.0,0.0,0.0,9.0,182.0,0.12227523,191.0,HVA->V1,LD_DENSITY_CONTROL,READOUT_SIMILARITY_CVT
"(-0.3, -0.2]",-7.409874603898025e-05,7.265183128118749e-05,-0.0002130871692893101,6.690779775920847e-05,92.0,0.0,522.0,3695.0,0.0,0.0,0.0,600.0,7512.0,10.997623480000001,8112.0,HVA->V1,LD_DENSITY_CONTROL,READOUT_SIMILARITY_CVT
"(-0.2, -0.0999]",-0.00018997360553373702,2.113969546170648e-05,-0.00023069174258301837,-0.00014895704501017017,92.0,0.0,3143.0,7250.0,0.0,0.0,0.0,5593.0,78638.0,104.0736553613,84231.0,HVA->V1,LD_DENSITY_CONTROL,READOUT_SIMILARITY_CVT
"(-0.0999, 0.0]",-8.513701766498716e-05,1.3911181579739383e-05,-0.0001109675389780834,-5.735948371156057e-05,92.0,0.0,5364.0,7303.0,0.0,0.0,0.0,17167.0,231272.0,327.7509927834,248439.0,HVA->V1,LD_DENSITY_CONTROL,READOUT_SIMILARITY_CVT
"(0.0, 0.0999]",4.295001466677858e-05,1.4147664445512635e-05,1.6526419336573265e-05,7.051199712590802e-05,92.0,0.0,5214.0,7303.0,0.0,0.0,0.0,17054.0,220016.0,341.74546949989997,237070.0,HVA->V1,LD_DENSITY_CONTROL,READOUT_SIMILARITY_CVT
"(0.0999, 0.2]",0.00023209795388369963,2.728169597701918e-05,0.00017908271481816772,0.00028765903390977495,92.0,0.0,3111.0,7238.0,0.0,0.0,0.0,6369.0,73731.0,132.2500470621,80100.0,HVA->V1,LD_DENSITY_CONTROL,READOUT_SIMILARITY_CVT
"(0.2, 0.3]",0.0006509480940846488,8.405474318006219e-05,0.0004892504411951399,0.0008052753626973938,92.0,0.0,846.0,4289.0,0.0,0.0,0.0,1111.0,10568.0,24.540541676000004,11679.0,HVA->V1,LD_DENSITY_CONTROL,READOUT_SIMILARITY_CVT
"(0.3, 0.399]",0.0014760532105914934,0.00037719359195021097,0.0007285179661105583,0.0022358276137017102,84.0,0.0,99.0,615.0,0.0,0.0,0.0,109.0,803.0,2.787277637,912.0,HVA->V1,LD_DENSITY_CONTROL,READOUT_SIMILARITY_CVT
"(-15.826, -10.551]",0.018094592097445752,0.0032956848615465903,0.012207240441152371,0.024814332025737785,5.0,0.0,78.0,122.0,0.0,0.0,0.0,87.0,126.0,5.22403682,213.0,V1->V1,LD_DENSITY_CONTROL,READOUT_LOCATION_DISTANCE_CVT
"(-10.551, -5.275]",0.008153857271577854,0.00018544569360743406,0.007774234566229852,0.008508439503348139,36.0,0.0,3587.0,4665.0,0.0,0.0,0.0,13098.0,16616.0,504.4441785407,29714.0,V1->V1,LD_DENSITY_CONTROL,READOUT_LOCATION_DISTANCE_CVT
"(-5.275, 0.0]",0.002082302428026658,7.127071714980708e-05,0.0019445641270713352,0.002224906907083718,36.0,0.0,5491.0,6875.0,0.0,0.0,0.0,36890.0,71763.0,1189.3898236989,108653.0,V1->V1,LD_DENSITY_CONTROL,READOUT_LOCATION_DISTANCE_CVT
"(0.0, 5.275]",-0.0030387526113826715,5.482284155427743e-05,-0.003142013969451563,-0.002927686200435147,36.0,0.0,5010.0,6562.0,0.0,0.0,0.0,19930.0,68768.0,498.66013786419995,88698.0,V1->V1,LD_DENSITY_CONTROL,READOUT_LOCATION_DISTANCE_CVT
"(5.275, 10.551]",-0.005897176481351441,6.253924519996498e-05,-0.006019552715477545,-0.0057742289045944455,36.0,0.0,1599.0,2680.0,0.0,0.0,0.0,4266.0,24166.0,86.32006448969999,28432.0,V1->V1,LD_DENSITY_CONTROL,READOUT_LOCATION_DISTANCE_CVT
"(10.551, 15.826]",-0.007153864940978732,0.00011844583313509598,-0.007389664107658317,-0.00691282041665148,36.0,0.0,211.0,394.0,0.0,0.0,0.0,538.0,4188.0,9.094726287,4726.0,V1->V1,LD_DENSITY_CONTROL,READOUT_LOCATION_DISTANCE_CVT
"(15.826, 21.101]",-0.00720728191430348,0.0004405424270185701,-0.008080468694549784,-0.006351496382502717,22.0,0.0,8.0,25.0,0.0,0.0,0.0,20.0,180.0,0.29091312,200.0,V1->V1,LD_DENSITY_CONTROL,READOUT_LOCATION_DISTANCE_CVT
"(-21.101, -15.826]",0.012975649725388502,0.005783059517848056,0.00231180214189142,0.02490541651790236,7.0,0.0,13.0,17.0,0.0,0.0,0.0,13.0,17.0,0.6187113799999999,30.0,HVA->HVA,LD_DENSITY_CONTROL,READOUT_LOCATION_DISTANCE_CVT
"(-15.826, -10.551]",0.010798221663980829,0.0007214777156894067,0.009460615029194493,0.012224189043430955,44.0,0.0,513.0,685.0,0.0,0.0,0.0,1213.0,1456.0,53.734766167000004,2669.0,HVA->HVA,LD_DENSITY_CONTROL,READOUT_LOCATION_DISTANCE_CVT
"(-10.551, -5.275]",0.00597913778119179,0.0001509717581255109,0.005685627230647697,0.006281355464248527,102.0,0.0,2281.0,2954.0,0.0,0.0,0.0,17614.0,26718.0,723.8766762854,44332.0,HVA->HVA,LD_DENSITY_CONTROL,READOUT_LOCATION_DISTANCE_CVT
"(-5.275, 0.0]",0.0016215942130921744,7.332426937987143e-05,0.0014811192410512973,0.0017651661789206867,102.0,0.0,2555.0,3066.0,0.0,0.0,0.0,37564.0,77929.0,1331.0435995188,115493.0,HVA->HVA,LD_DENSITY_CONTROL,READOUT_LOCATION_DISTANCE_CVT
"(0.0, 5.275]",-0.002254311367107041,6.434674962805659e-05,-0.002383182045612121,-0.0021277084030910274,102.0,0.0,2449.0,2972.0,0.0,0.0,0.0,25371.0,76129.0,770.831111903,101500.0,HVA->HVA,LD_DENSITY_CONTROL,READOUT_LOCATION_DISTANCE_CVT
"(5.275, 10.551]",-0.005027961608868202,8.13049641911059e-05,-0.005182871295905462,-0.0048612085803657005,102.0,0.0,1177.0,1668.0,0.0,0.0,0.0,7797.0,32087.0,202.9788765692,39884.0,HVA->HVA,LD_DENSITY_CONTROL,READOUT_LOCATION_DISTANCE_CVT
"(10.551, 15.826]",-0.0068724217842769065,0.00015135563795925594,-0.007164417001865171,-0.006571433312213181,102.0,0.0,254.0,434.0,0.0,0.0,0.0,1139.0,5848.0,25.291691834,6987.0,HVA->HVA,LD_DENSITY_CONTROL,READOUT_LOCATION_DISTANCE_CVT
"(15.826, 21.101]",-0.007592439543733296,0.0006038871097788682,-0.008751108115294148,-0.006383857887673046,87.0,0.0,25.0,51.0,0.0,0.0,0.0,89.0,426.0,1.9245078890000002,515.0,HVA->HVA,LD_DENSITY_CONTROL,READOUT_LOCATION_DISTANCE_CVT
"(-15.826, -10.551]",-0.0002195156132331756,0.00039088553989722957,-0.0009531209791857415,0.000575011922742683,15.0,0.0,51.0,229.0,0.0,0.0,0.0,59.0,549.0,1.5595945599999999,608.0,V1->HVA,LD_DENSITY_CONTROL,READOUT_LOCATION_DISTANCE_CVT
"(-10.551, -5.275]",0.00044209894119396487,0.00010521550494069036,0.00023981367834705465,0.0006532989936250093,29.0,0.0,985.0,1845.0,0.0,0.0,0.0,2253.0,11576.0,58.076010710999995,13829.0,V1->HVA,LD_DENSITY_CONTROL,READOUT_LOCATION_DISTANCE_CVT
"(-5.275, 0.0]",0.0004387413511289484,7.400098713731535e-05,0.0002920359184802061,0.0005816172355317469,29.0,0.0,1835.0,2754.0,0.0,0.0,0.0,5668.0,26875.0,146.5517323872,32543.0,V1->HVA,LD_DENSITY_CONTROL,READOUT_LOCATION_DISTANCE_CVT
"(0.0, 5.275]",-0.00013256082056041117,7.137867466568757e-05,-0.0002740080349530573,6.476745961421436e-06,29.0,0.0,1623.0,2497.0,0.0,0.0,0.0,4369.0,23177.0,104.54101241000001,27546.0,V1->HVA,LD_DENSITY_CONTROL,READOUT_LOCATION_DISTANCE_CVT
"(5.275, 10.551]",-0.0009482630371634189,9.132530419078458e-05,-0.0011256801524964397,-0.0007736396857656167,29.0,0.0,620.0,1076.0,0.0,0.0,0.0,1562.0,10214.0,33.3279086089,11776.0,V1->HVA,LD_DENSITY_CONTROL,READOUT_LOCATION_DISTANCE_CVT
"(10.551, 15.826]",-0.002074145875951585,0.00019365011134010125,-0.0024417545381360804,-0.0016700076842264691,29.0,0.0,89.0,236.0,0.0,0.0,0.0,210.0,2054.0,4.081131224,2264.0,V1->HVA,LD_DENSITY_CONTROL,READOUT_LOCATION_DISTANCE_CVT
"(15.826, 21.101]",-0.003688256338993654,0.00035485542961075935,-0.004412944502866906,-0.0030012987559577668,27.0,0.0,3.0,22.0,0.0,0.0,0.0,5.0,179.0,0.05277884,184.0,V1->HVA,LD_DENSITY_CONTROL,READOUT_LOCATION_DISTANCE_CVT
"(-15.826, -10.551]",0.00029812744281017034,0.00020188883395656714,-6.335692275854202e-05,0.0006988637149748906,38.0,0.0,125.0,858.0,0.0,0.0,0.0,128.0,1238.0,2.4934977089999997,1366.0,HVA->V1,LD_DENSITY_CONTROL,READOUT_LOCATION_DISTANCE_CVT
"(-10.551, -5.275]",0.0003616367639839203,3.17941853399061e-05,0.0002980292464432928,0.00042526549035791516,92.0,0.0,3503.0,7161.0,0.0,0.0,0.0,5944.0,68076.0,127.65038162100001,74020.0,HVA->V1,LD_DENSITY_CONTROL,READOUT_LOCATION_DISTANCE_CVT
"(-5.275, 0.0]",0.00011935523570272754,1.41740494482707e-05,9.179999349783477e-05,0.00014765691392849728,92.0,0.0,5412.0,7301.0,0.0,0.0,0.0,20967.0,251016.0,422.86838820379995,271983.0,HVA->V1,LD_DENSITY_CONTROL,READOUT_LOCATION_DISTANCE_CVT
"(0.0, 5.275]",-0.00016240959284745347,1.2794677448371019e-05,-0.0001881704775759306,-0.0001377904759981742,92.0,0.0,4764.0,7179.0,0.0,0.0,0.0,15792.0,226867.0,297.7691527667,242659.0,HVA->V1,LD_DENSITY_CONTROL,READOUT_LOCATION_DISTANCE_CVT
"(5.275, 10.551]",-0.0002808144965714331,2.1957824299586467e-05,-0.000323719445621025,-0.00023578250679900364,92.0,0.0,1734.0,3707.0,0.0,0.0,0.0,4574.0,68340.0,82.35527696320001,72914.0,HVA->V1,LD_DENSITY_CONTROL,READOUT_LOCATION_DISTANCE_CVT
"(10.551, 15.826]",5.108301494254643e-06,7.974529635240479e-05,-0.00014082618294623166,0.0001601089983008893,92.0,0.0,233.0,620.0,0.0,0.0,0.0,591.0,7019.0,10.907227661,7610.0,HVA->V1,LD_DENSITY_CONTROL,READOUT_LOCATION_DISTANCE_CVT
"(15.826, 21.101]",0.001049456517621791,0.0005576596133183544,2.6909676610412466e-07,0.0021550240145532173,37.0,0.0,16.0,40.0,0.0,0.0,0.0,32.0,221.0,0.5992251849999999,253.0,HVA->V1,LD_DENSITY_CONTROL,READOUT_LOCATION_DISTANCE_CVT
"(-0.4, -0.3]",-0.00600176913668103,0.0005875847079345176,-0.007146016615700589,-0.00480150455633734,26.0,0.0,55.0,186.0,0.0,0.0,0.0,58.0,261.0,1.1201535999999999,319.0,V1->V1,LD_DENSITY_CONTROL,IN_VIVO_SIG_CORR
"(-0.3, -0.2]",-0.0022436691208564522,0.00015821871059008404,-0.0025439176910790496,-0.0019369026644856034,36.0,0.0,1552.0,3193.0,0.0,0.0,0.0,2656.0,9132.0,69.39075692840001,11788.0,V1->V1,LD_DENSITY_CONTROL,IN_VIVO_SIG_CORR
"(-0.2, -0.1]",-0.0009527638599647435,7.261858048353563e-05,-0.001085421707535855,-0.0008001016458535512,36.0,0.0,5565.0,7586.0,0.0,0.0,0.0,19022.0,54877.0,543.3536551388,73899.0,V1->V1,LD_DENSITY_CONTROL,IN_VIVO_SIG_CORR
"(-0.1, -2.22e-16]",-0.0002558918130197946,7.449506533695492e-05,-0.000401784307976275,-0.00011032637579125857,36.0,0.0,6114.0,7906.0,0.0,0.0,0.0,23976.0,60410.0,728.3861239575,84386.0,V1->V1,LD_DENSITY_CONTROL,IN_VIVO_SIG_CORR
"(-2.22e-16, 0.1]",0.0004908562787933236,0.00010130334700479995,0.00030817430384231956,0.0006951628802127104,36.0,0.0,5449.0,7700.0,0.0,0.0,0.0,15642.0,37077.0,501.56527640369995,52719.0,V1->V1,LD_DENSITY_CONTROL,IN_VIVO_SIG_CORR
"(0.1, 0.2]",0.0011108083780821084,0.00013602020515041018,0.0008366512782154678,0.0013684093024904315,36.0,0.0,4178.0,6726.0,0.0,0.0,0.0,9062.0,20187.0,296.74465477,29249.0,V1->V1,LD_DENSITY_CONTROL,IN_VIVO_SIG_CORR
"(0.2, 0.3]",0.0014801953526657804,0.0001928638480926062,0.0011119675689696034,0.001843497739821487,36.0,0.0,2902.0,4963.0,0.0,0.0,0.0,4947.0,10613.0,158.20679464719998,15560.0,V1->V1,LD_DENSITY_CONTROL,IN_VIVO_SIG_CORR
"(0.3, 0.4]",0.00164936920432147,0.00026158118640665215,0.0011355967047080601,0.0021519963552577934,36.0,0.0,1800.0,3325.0,0.0,0.0,0.0,2584.0,5761.0,82.5350451718,8345.0,V1->V1,LD_DENSITY_CONTROL,IN_VIVO_SIG_CORR
"(0.4, 0.5]",0.0022592101672625235,0.00036250776432170074,0.0015988976758425813,0.0030135411364191145,36.0,0.0,1091.0,2154.0,0.0,0.0,0.0,1399.0,3143.0,45.476340766,4542.0,V1->V1,LD_DENSITY_CONTROL,IN_VIVO_SIG_CORR
"(0.5, 0.6]",0.0029890514877781538,0.0004842060963028539,0.0020753920129048093,0.00391544723260114,35.0,0.0,625.0,1162.0,0.0,0.0,0.0,768.0,1571.0,24.006232088999997,2339.0,V1->V1,LD_DENSITY_CONTROL,IN_VIVO_SIG_CORR
"(0.6, 0.7]",0.004058687420698173,0.0007813675160337928,0.0025328665627638593,0.005559162730638866,31.0,0.0,317.0,552.0,0.0,0.0,0.0,384.0,747.0,12.50721148,1131.0,V1->V1,LD_DENSITY_CONTROL,IN_VIVO_SIG_CORR
"(0.7, 0.8]",0.004935575923736084,0.0010269882749061852,0.0029390612987379473,0.006995600434193137,25.0,0.0,146.0,239.0,0.0,0.0,0.0,175.0,315.0,5.583603127,490.0,V1->V1,LD_DENSITY_CONTROL,IN_VIVO_SIG_CORR
"(0.8, 0.9]",0.007844966964403812,0.0026957889550110734,0.0029417607348827257,0.013345026929438102,13.0,0.0,28.0,45.0,0.0,0.0,0.0,29.0,54.0,1.0577095600000002,83.0,V1->V1,LD_DENSITY_CONTROL,IN_VIVO_SIG_CORR
"(-0.5, -0.4]",-0.005014137852087512,0.0012261257865442984,-0.007199244098343659,-0.0024374985206040535,20.0,0.0,11.0,40.0,0.0,0.0,0.0,11.0,70.0,0.20498855,81.0,HVA->HVA,LD_DENSITY_CONTROL,IN_VIVO_SIG_CORR
"(-0.4, -0.3]",-0.00310862876370693,0.0003277409692068954,-0.0037239730678356856,-0.0024521266954205057,65.0,0.0,225.0,475.0,0.0,0.0,0.0,446.0,1904.0,11.872237024,2350.0,HVA->HVA,LD_DENSITY_CONTROL,IN_VIVO_SIG_CORR
"(-0.3, -0.2]",-0.0016862821652150594,0.00014091267579119648,-0.001972618210834229,-0.0014118470606353326,104.0,0.0,1212.0,1939.0,0.0,0.0,0.0,4695.0,15354.0,141.8251464174,20049.0,HVA->HVA,LD_DENSITY_CONTROL,IN_VIVO_SIG_CORR
"(-0.2, -0.1]",-0.0008710526133961161,8.452275822438053e-05,-0.0010422010267201476,-0.0007112765701882345,106.0,0.0,2805.0,3466.0,0.0,0.0,0.0,20166.0,54570.0,653.2401050821,74736.0,HVA->HVA,LD_DENSITY_CONTROL,IN_VIVO_SIG_CORR
"(-0.1, -2.22e-16]",-0.000318737621523619,6.96745094578115e-05,-0.00045778198570709417,-0.00017834282913933684,106.0,0.0,2972.0,3513.0,0.0,0.0,0.0,32117.0,79749.0,1072.6539867948002,111866.0,HVA->HVA,LD_DENSITY_CONTROL,IN_VIVO_SIG_CORR
"(-2.22e-16, 0.1]",0.00018362702100162826,8.397403502106716e-05,1.0538729036703266e-05,0.0003488232810557968,106.0,0.0,2910.0,3504.0,0.0,0.0,0.0,22291.0,56261.0,763.3127527541,78552.0,HVA->HVA,LD_DENSITY_CONTROL,IN_VIVO_SIG_CORR
"(0.1, 0.2]",0.0008245061252136744,0.00011296806387265663,0.0006167391011410121,0.0010460734823431327,106.0,0.0,2621.0,3420.0,0.0,0.0,0.0,12457.0,31246.0,436.74312986940004,43703.0,HVA->HVA,LD_DENSITY_CONTROL,IN_VIVO_SIG_CORR
"(0.2, 0.3]",0.0016793376511614738,0.00017463571623321835,0.0013382074357622688,0.0020212368417066463,106.0,0.0,2107.0,3046.0,0.0,0.0,0.0,6603.0,15249.0,235.73345676680003,21852.0,HVA->HVA,LD_DENSITY_CONTROL,IN_VIVO_SIG_CORR
"(0.3, 0.4]",0.002759527389754688,0.0002880165501142814,0.0021880150667919793,0.003302120063766547,106.0,0.0,1408.0,2211.0,0.0,0.0,0.0,3156.0,6797.0,120.00917249800001,9953.0,HVA->HVA,LD_DENSITY_CONTROL,IN_VIVO_SIG_CORR
"(0.4, 0.5]",0.0034750056945665624,0.00044306372866566296,0.002596410499308616,0.004302889626281745,106.0,0.0,842.0,1349.0,0.0,0.0,0.0,1479.0,2788.0,57.11002916699999,4267.0,HVA->HVA,LD_DENSITY_CONTROL,IN_VIVO_SIG_CORR
"(0.5, 0.6]",0.005024793414695714,0.0008472085134935415,0.0033621835452001744,0.006747923610774521,99.0,0.0,417.0,621.0,0.0,0.0,0.0,575.0,977.0,24.80998246,1552.0,HVA->HVA,LD_DENSITY_CONTROL,IN_VIVO_SIG_CORR
"(0.6, 0.7]",0.005899987869137918,0.0016337799861806277,0.0029128981745188075,0.00931793308133493,78.0,0.0,170.0,249.0,0.0,0.0,0.0,212.0,308.0,9.627866835999999,520.0,HVA->HVA,LD_DENSITY_CONTROL,IN_VIVO_SIG_CORR
"(0.7, 0.8]",0.007792707702241675,0.002955082439990319,0.0024563921667775388,0.013896196730567202,34.0,0.0,59.0,72.0,0.0,0.0,0.0,66.0,79.0,2.98925582,145.0,HVA->HVA,LD_DENSITY_CONTROL,IN_VIVO_SIG_CORR
"(0.8, 0.9]",0.016349424870771793,0.009105226809189643,0.0013395207601386613,0.03664595209641029,12.0,0.0,17.0,13.0,0.0,0.0,0.0,18.0,14.0,0.94951096,32.0,HVA->HVA,LD_DENSITY_CONTROL,IN_VIVO_SIG_CORR
"(-0.4, -0.3]",-0.002160498185640179,0.0005049920031363123,-0.003141474825420778,-0.0011426439630349713,15.0,0.0,23.0,117.0,0.0,0.0,0.0,23.0,170.0,0.41721756,193.0,V1->HVA,LD_DENSITY_CONTROL,IN_VIVO_SIG_CORR
"(-0.3, -0.2]",-0.0006036287158685388,0.0001692540845994462,-0.000907532809086152,-0.00027145058810192297,29.0,0.0,381.0,1335.0,0.0,0.0,0.0,472.0,3237.0,11.502272662600001,3709.0,V1->HVA,LD_DENSITY_CONTROL,IN_VIVO_SIG_CORR
"(-0.2, -0.1]",-0.00035292365873222463,8.037349576103379e-05,-0.0005025608575439917,-0.00019410318511546638,29.0,0.0,1740.0,3299.0,0.0,0.0,0.0,3188.0,17931.0,77.88553614700001,21119.0,V1->HVA,LD_DENSITY_CONTROL,IN_VIVO_SIG_CORR
"(-0.1, -2.22e-16]",-6.479181208525856e-05,6.593290036994739e-05,-0.00019144124027091329,6.712264403948857e-05,29.0,0.0,2299.0,3508.0,0.0,0.0,0.0,5273.0,29111.0,131.7400883645,34384.0,V1->HVA,LD_DENSITY_CONTROL,IN_VIVO_SIG_CORR
"(-2.22e-16, 0.1]",0.00015778494730198166,8.355642508587546e-05,-7.389503997772316e-06,0.00031978905152442395,29.0,0.0,1896.0,3463.0,0.0,0.0,0.0,3584.0,17887.0,87.29073082299999,21471.0,V1->HVA,LD_DENSITY_CONTROL,IN_VIVO_SIG_CORR
"(0.1, 0.2]",0.0003517787988675339,0.0001285960797030737,0.00010102174219703366,0.0006104827980499698,29.0,0.0,1232.0,3026.0,0.0,0.0,0.0,1850.0,8793.0,46.91504997,10643.0,V1->HVA,LD_DENSITY_CONTROL,IN_VIVO_SIG_CORR
"(0.2, 0.3]",0.0004560975508547371,0.00017960844623555333,8.643980599620614e-05,0.0008144785242327476,29.0,0.0,706.0,2076.0,0.0,0.0,0.0,915.0,4306.0,23.142960729000002,5221.0,V1->HVA,LD_DENSITY_CONTROL,IN_VIVO_SIG_CORR
"(0.3, 0.4]",-6.265644420093991e-05,0.0002255496406990651,-0.0004613337749411063,0.0004012327737316781,29.0,0.0,376.0,1258.0,0.0,0.0,0.0,432.0,2088.0,9.855496199000001,2520.0,V1->HVA,LD_DENSITY_CONTROL,IN_VIVO_SIG_CORR
"(0.4, 0.5]",0.0013006122487240668,0.00041372853162935873,0.0005459913131515848,0.0021193415958470014,29.0,0.0,212.0,700.0,0.0,0.0,0.0,253.0,1004.0,6.288602952,1257.0,V1->HVA,LD_DENSITY_CONTROL,IN_VIVO_SIG_CORR
"(0.5, 0.6]",0.0016479761004803844,0.0007144151687571678,0.00044131984623976746,0.003177339368869616,28.0,0.0,94.0,318.0,0.0,0.0,0.0,108.0,390.0,2.541063414,498.0,V1->HVA,LD_DENSITY_CONTROL,IN_VIVO_SIG_CORR
"(0.6, 0.7]",0.0024224544226668816,0.0012578429204269622,0.0003082336295735884,0.005130813918462453,23.0,0.0,41.0,143.0,0.0,0.0,0.0,48.0,170.0,1.39023664,218.0,V1->HVA,LD_DENSITY_CONTROL,IN_VIVO_SIG_CORR
"(0.7, 0.8]",0.002143707876139158,0.003227557762520271,-0.003081085302455143,0.009296658453021208,14.0,0.0,13.0,34.0,0.0,0.0,0.0,13.0,37.0,0.36219294,50.0,V1->HVA,LD_DENSITY_CONTROL,IN_VIVO_SIG_CORR
"(0.8, 0.9]",0.002158420757475446,0.003853720038289257,-0.004682441474670254,0.010303143227710095,3.0,0.0,5.0,5.0,0.0,0.0,0.0,5.0,6.0,0.11178065000000001,11.0,V1->HVA,LD_DENSITY_CONTROL,IN_VIVO_SIG_CORR
"(-0.4, -0.3]",-0.000295549450753453,0.00017678496610450478,-0.0006120823956264095,4.879089704288343e-05,49.0,0.0,50.0,430.0,0.0,0.0,0.0,59.0,928.0,1.0872433240000001,987.0,HVA->V1,LD_DENSITY_CONTROL,IN_VIVO_SIG_CORR
"(-0.3, -0.2]",-0.0001297300491131611,4.114128628060053e-05,-0.00020807054158140627,-5.0100803922989646e-05,92.0,0.0,1188.0,4261.0,0.0,0.0,0.0,1960.0,24054.0,34.9341228204,26014.0,HVA->V1,LD_DENSITY_CONTROL,IN_VIVO_SIG_CORR
"(-0.2, -0.1]",-5.679649665438075e-05,1.6607777499520358e-05,-8.893721173440844e-05,-2.504955205505687e-05,94.0,0.0,4640.0,7965.0,0.0,0.0,0.0,12391.0,153177.0,234.7694890781,165568.0,HVA->V1,LD_DENSITY_CONTROL,IN_VIVO_SIG_CORR
"(-0.1, -2.22e-16]",-4.26701433892065e-05,1.470253971122357e-05,-7.166913204231334e-05,-1.5407867657010713e-05,94.0,0.0,5673.0,7980.0,0.0,0.0,0.0,17333.0,227262.0,341.2308501921,244595.0,HVA->V1,LD_DENSITY_CONTROL,IN_VIVO_SIG_CORR
"(-2.22e-16, 0.1]",-9.853905333761394e-07,1.8134551442845566e-05,-3.505692294050587e-05,3.5122454519908825e-05,94.0,0.0,4812.0,7980.0,0.0,0.0,0.0,11544.0,145012.0,230.70400623580002,156556.0,HVA->V1,LD_DENSITY_CONTROL,IN_VIVO_SIG_CORR
"(0.1, 0.2]",0.00010299522218165845,2.6829422804889586e-05,5.0984275014930335e-05,0.00015314134946744796,94.0,0.0,3291.0,7907.0,0.0,0.0,0.0,6244.0,75588.0,127.8912750079,81832.0,HVA->V1,LD_DENSITY_CONTROL,IN_VIVO_SIG_CORR
"(0.2, 0.3]",0.00014432730024255502,3.603583487524576e-05,7.371244153658557e-05,0.0002135363983862592,94.0,0.0,1974.0,7198.0,0.0,0.0,0.0,3115.0,37057.0,64.39600263,40172.0,HVA->V1,LD_DENSITY_CONTROL,IN_VIVO_SIG_CORR
"(0.3, 0.4]",0.000230563014329434,5.508030298770572e-05,0.00011941832069406492,0.00034041624786662936,94.0,0.0,1167.0,5548.0,0.0,0.0,0.0,1611.0,17422.0,31.785912194,19033.0,HVA->V1,LD_DENSITY_CONTROL,IN_VIVO_SIG_CORR
"(0.4, 0.5]",0.00031444882194856037,8.109070897605622e-05,0.0001513755965948456,0.0004810741868302442,94.0,0.0,578.0,3598.0,0.0,0.0,0.0,699.0,7804.0,14.966269178,8503.0,HVA->V1,LD_DENSITY_CONTROL,IN_VIVO_SIG_CORR
"(0.5, 0.6]",0.00038336161572361796,0.00015490707694346844,9.255923584638424e-05,0.000687903969244815,93.0,0.0,281.0,2059.0,0.0,0.0,0.0,314.0,3468.0,7.110618998,3782.0,HVA->V1,LD_DENSITY_CONTROL,IN_VIVO_SIG_CORR
"(0.6, 0.7]",0.00043332420570429964,0.00025470092841145433,-3.663090044111056e-05,0.0009533570288384694,82.0,0.0,111.0,952.0,0.0,0.0,0.0,116.0,1288.0,2.7888596,1404.0,HVA->V1,LD_DENSITY_CONTROL,IN_VIVO_SIG_CORR
"(0.7, 0.8]",0.0004356195849947894,0.00039519046556900703,-0.0002892311951608742,0.00126428844393471,45.0,0.0,38.0,300.0,0.0,0.0,0.0,39.0,361.0,0.8243576450000001,400.0,HVA->V1,LD_DENSITY_CONTROL,IN_VIVO_SIG_CORR
"(0.8, 0.9]",0.001297508031375321,0.0015790458825817172,-0.0010769729988693783,0.0047262409460884095,15.0,0.0,3.0,44.0,0.0,0.0,0.0,3.0,47.0,0.1182794,50.0,HVA->V1,LD_DENSITY_CONTROL,IN_VIVO_SIG_CORR
"(-60.058, -30.029]",0.000557104620758514,0.00017454951782233395,0.00022177003901810053,0.0009141725036899353,23.0,0.0,1897.0,3034.0,0.0,0.0,0.0,4176.0,11205.0,133.0913051289,15381.0,V1->V1,LD_DENSITY_CONTROL,DELTA_ORI_CVT_MONET_FULL
"(-30.029, 0.0]",0.0006685388677659378,0.00014108067661763618,0.0004012725282774891,0.0009558857769573108,23.0,0.0,2238.0,2856.0,0.0,0.0,0.0,8840.0,21225.0,299.148636299,30065.0,V1->V1,LD_DENSITY_CONTROL,DELTA_ORI_CVT_MONET_FULL
"(0.0, 30.029]",-0.0006146778727891198,0.00016313379046462508,-0.0009348500161090673,-0.0002994729049677872,23.0,0.0,2369.0,3488.0,0.0,0.0,0.0,5683.0,13810.0,177.384777435,19493.0,V1->V1,LD_DENSITY_CONTROL,DELTA_ORI_CVT_MONET_FULL
"(30.029, 60.058]",-0.0008849041853418502,0.00014702263063752345,-0.0011751865787472395,-0.0005912107929302363,23.0,0.0,1656.0,2667.0,0.0,0.0,0.0,4756.0,13932.0,135.82180398620002,18688.0,V1->V1,LD_DENSITY_CONTROL,DELTA_ORI_CVT_MONET_FULL
"(-60.058, -30.029]",-0.00015368515106719405,0.00021134448908982008,-0.0005504649140861949,0.00026754468155158225,48.0,0.0,898.0,1124.0,0.0,0.0,0.0,4036.0,9313.0,140.1551486788,13349.0,HVA->HVA,LD_DENSITY_CONTROL,DELTA_ORI_CVT_MONET_FULL
"(-30.029, 0.0]",0.0004513906304565316,0.00021749168908432684,2.766404235879057e-05,0.000868580703404193,48.0,0.0,928.0,1150.0,0.0,0.0,0.0,4359.0,9751.0,158.258922921,14110.0,HVA->HVA,LD_DENSITY_CONTROL,DELTA_ORI_CVT_MONET_FULL
"(0.0, 30.029]",-5.067381902605466e-05,0.00019789508013468772,-0.00042905559167562296,0.00035785003100569784,48.0,0.0,936.0,1151.0,0.0,0.0,0.0,4468.0,10231.0,156.383101011,14699.0,HVA->HVA,LD_DENSITY_CONTROL,DELTA_ORI_CVT_MONET_FULL
"(30.029, 60.058]",-0.00026745789178812644,0.0002071433171381197,-0.0006404759271087877,0.00012864536574422086,48.0,0.0,886.0,1124.0,0.0,0.0,0.0,4013.0,9110.0,136.860852346,13123.0,HVA->HVA,LD_DENSITY_CONTROL,DELTA_ORI_CVT_MONET_FULL
"(-60.058, -30.029]",0.0005457403158272489,0.00018570933184053226,0.00018770869445102902,0.0009134782150113498,18.0,0.0,437.0,993.0,0.0,0.0,0.0,913.0,4461.0,24.655091487,5374.0,V1->HVA,LD_DENSITY_CONTROL,DELTA_ORI_CVT_MONET_FULL
"(-30.029, 0.0]",0.0006053871690161742,0.00021084435836157416,0.000218071725186809,0.0009917380067031537,18.0,0.0,531.0,932.0,0.0,0.0,0.0,1015.0,3901.0,29.2240598469,4916.0,V1->HVA,LD_DENSITY_CONTROL,DELTA_ORI_CVT_MONET_FULL
"(0.0, 30.029]",-0.0005898844315859035,0.0001984402397994379,-0.0009570760099669815,-0.00018222136611429731,18.0,0.0,527.0,914.0,0.0,0.0,0.0,974.0,4195.0,26.236955275000003,5169.0,V1->HVA,LD_DENSITY_CONTROL,DELTA_ORI_CVT_MONET_FULL
"(30.029, 60.058]",-0.0005314418941021937,0.00017812835648325752,-0.0008696814063770112,-0.00016417767762929547,18.0,0.0,392.0,971.0,0.0,0.0,0.0,688.0,4613.0,17.894271520000004,5301.0,V1->HVA,LD_DENSITY_CONTROL,DELTA_ORI_CVT_MONET_FULL
"(-60.058, -30.029]",-8.882430223039975e-05,4.517513585670236e-05,-0.00017732684709850666,2.366985920945208e-07,44.0,0.0,1494.0,3547.0,0.0,0.0,0.0,2427.0,27429.0,50.297864146,29856.0,HVA->V1,LD_DENSITY_CONTROL,DELTA_ORI_CVT_MONET_FULL
"(-30.029, 0.0]",1.5607185420156017e-05,3.3572552138152815e-05,-5.090813382733835e-05,8.248098692374743e-05,44.0,0.0,1998.0,3670.0,0.0,0.0,0.0,4398.0,48663.0,91.946912329,53061.0,HVA->V1,LD_DENSITY_CONTROL,DELTA_ORI_CVT_MONET_FULL
"(0.0, 30.029]",1.0669793711017969e-05,3.910855231705413e-05,-6.408421577482869e-05,8.707253275779573e-05,44.0,0.0,2201.0,3670.0,0.0,0.0,0.0,4264.0,42088.0,91.915438168,46352.0,HVA->V1,LD_DENSITY_CONTROL,DELTA_ORI_CVT_MONET_FULL
"(30.029, 60.058]",4.0034597408185004e-05,4.3299364805615844e-05,-4.642068146218399e-05,0.00012228442039170477,44.0,0.0,1452.0,3498.0,0.0,0.0,0.0,2450.0,29511.0,52.591355832999994,31961.0,HVA->V1,LD_DENSITY_CONTROL,DELTA_ORI_CVT_MONET_FULL
"(-55.398, -27.699]",0.0006576887104650834,0.00012663700211649863,0.000424369981867816,0.0009124190685602104,28.0,0.0,3357.0,5206.0,0.0,0.0,0.0,8968.0,22438.0,281.3873045946,31406.0,V1->V1,LD_DENSITY_CONTROL,DELTA_ORI_IV
"(-27.699, 0.0]",0.00041959019079015506,0.00010589688804883963,0.00020175239184570725,0.0006310054140316361,28.0,0.0,3580.0,5422.0,0.0,0.0,0.0,14546.0,34948.0,474.75296948289997,49494.0,V1->V1,LD_DENSITY_CONTROL,DELTA_ORI_IV
"(0.0, 27.699]",-0.0005236609398842537,0.00010620131538051609,-0.0007265696691408764,-0.0003165519975704001,28.0,0.0,3663.0,5443.0,0.0,0.0,0.0,10821.0,28088.0,330.58884044260003,38909.0,V1->V1,LD_DENSITY_CONTROL,DELTA_ORI_IV
"(27.699, 55.398]",-0.0006105587757456398,0.00010969128575330206,-0.0008276760703769888,-0.0003883061675858057,28.0,0.0,2902.0,5025.0,0.0,0.0,0.0,9061.0,24952.0,264.9414578803,34013.0,V1->V1,LD_DENSITY_CONTROL,DELTA_ORI_IV
"(-55.398, -27.699]",-1.4700808782785332e-05,0.00011975301093517273,-0.0002390186366283557,0.00021299066357088954,82.0,0.0,1766.0,2194.0,0.0,0.0,0.0,11136.0,26371.0,372.95346022959995,37507.0,HVA->HVA,LD_DENSITY_CONTROL,DELTA_ORI_IV
"(-27.699, 0.0]",0.00022028506086593262,0.00010507192948861017,1.7135730691857228e-05,0.0004208034597796459,82.0,0.0,1842.0,2212.0,0.0,0.0,0.0,16005.0,36449.0,530.7762412622,52454.0,HVA->HVA,LD_DENSITY_CONTROL,DELTA_ORI_IV
"(0.0, 27.699]",0.00017672253366273434,0.00010683323729396222,-2.5773350268152328e-05,0.00039235880844899995,82.0,0.0,1839.0,2212.0,0.0,0.0,0.0,15864.0,36672.0,545.2328323013,52536.0,HVA->HVA,LD_DENSITY_CONTROL,DELTA_ORI_IV
"(27.699, 55.398]",-0.0005312615181237775,0.00011890812148097671,-0.0007645980752628985,-0.0002966505920753174,82.0,0.0,1801.0,2201.0,0.0,0.0,0.0,10616.0,26950.0,353.6254851705,37566.0,HVA->HVA,LD_DENSITY_CONTROL,DELTA_ORI_IV
"(-55.398, -27.699]",0.00032651462483595324,0.00014267145358256124,4.472407402549409e-05,0.0005935436434407035,21.0,0.0,743.0,1622.0,0.0,0.0,0.0,1918.0,8321.0,51.192214030900004,10239.0,V1->HVA,LD_DENSITY_CONTROL,DELTA_ORI_IV
"(-27.699, 0.0]",0.00031760072725833057,0.00013866531964904522,6.162440224810836e-05,0.000599097634388197,21.0,0.0,1090.0,1766.0,0.0,0.0,0.0,2431.0,9414.0,65.5492075765,11845.0,V1->HVA,LD_DENSITY_CONTROL,DELTA_ORI_IV
"(0.0, 27.699]",-0.00026882522819135165,0.00010568237743317622,-0.0004638037857358315,-5.099517073984691e-05,21.0,0.0,1181.0,1783.0,0.0,0.0,0.0,2812.0,11601.0,71.6054203056,14413.0,V1->HVA,LD_DENSITY_CONTROL,DELTA_ORI_IV
"(27.699, 55.398]",-0.00033588276291796857,0.00013624222528858582,-0.0006099297465668591,-5.94911943466861e-05,21.0,0.0,815.0,1739.0,0.0,0.0,0.0,1631.0,8032.0,41.300240485,9663.0,V1->HVA,LD_DENSITY_CONTROL,DELTA_ORI_IV
"(-55.398, -27.699]",-5.606837826923583e-05,2.4545593420497552e-05,-0.00010200048678126045,-8.568471933008706e-06,70.0,0.0,3091.0,5538.0,0.0,0.0,0.0,6149.0,74320.0,121.47970146,80469.0,HVA->V1,LD_DENSITY_CONTROL,DELTA_ORI_IV
"(-27.699, 0.0]",-5.883341157470876e-05,2.298274404371254e-05,-0.00010219915131174231,-1.3112228867725838e-05,70.0,0.0,3699.0,5541.0,0.0,0.0,0.0,9421.0,104213.0,190.8560857296,113634.0,HVA->V1,LD_DENSITY_CONTROL,DELTA_ORI_IV
"(0.0, 27.699]",8.434647122627729e-05,2.391967467013605e-05,3.807010947029471e-05,0.00012975817264112752,70.0,0.0,3707.0,5541.0,0.0,0.0,0.0,10304.0,102529.0,208.3505623524,112833.0,HVA->V1,LD_DENSITY_CONTROL,DELTA_ORI_IV
"(27.699, 55.398]",2.088443864189885e-05,2.6496821616072383e-05,-2.9995380115250294e-05,7.101939578508444e-05,70.0,0.0,3145.0,5540.0,0.0,0.0,0.0,6352.0,73857.0,126.20831001319999,80209.0,HVA->V1,LD_DENSITY_CONTROL,DELTA_ORI_IV
"(-31.372, -20.914]",0.002159722562385482,0.0020103224313838533,-0.0013374904694198734,0.006552554071125209,2.0,0.0,14.0,47.0,0.0,0.0,0.0,14.0,47.0,0.4113089,61.0,V1->V1,LD_DENSITY_CONTROL,READOUT_LOCATION_DISTANCE_STA
"(-20.914, -10.457]",0.004941977507909889,0.00022248425771425603,0.004513789804946932,0.005376434642720337,36.0,0.0,2686.0,4840.0,0.0,0.0,0.0,6444.0,10476.0,229.8868033156,16920.0,V1->V1,LD_DENSITY_CONTROL,READOUT_LOCATION_DISTANCE_STA
"(-10.457, 0.0]",0.001892667658411325,6.762456528292599e-05,0.0017622625122871904,0.002025859514456579,36.0,0.0,5209.0,6647.0,0.0,0.0,0.0,42015.0,86549.0,1376.5528326394,128564.0,V1->V1,LD_DENSITY_CONTROL,READOUT_LOCATION_DISTANCE_STA
"(0.0, 10.457]",-0.002289123753105802,5.947768453777072e-05,-0.002404839556119821,-0.002173035012322747,36.0,0.0,4852.0,6776.0,0.0,0.0,0.0,21080.0,65485.0,566.9593115871,86565.0,V1->V1,LD_DENSITY_CONTROL,READOUT_LOCATION_DISTANCE_STA
"(10.457, 20.914]",-0.004281157396011564,8.805943753168592e-05,-0.004453005933589309,-0.004111728188321879,36.0,0.0,1278.0,2489.0,0.0,0.0,0.0,4639.0,19615.0,107.0515508494,24254.0,V1->V1,LD_DENSITY_CONTROL,READOUT_LOCATION_DISTANCE_STA
"(20.914, 31.372]",-0.005870493481466681,0.00017020101415251372,-0.006207157652293012,-0.005542772222987792,36.0,0.0,193.0,319.0,0.0,0.0,0.0,572.0,3278.0,11.283810073999998,3850.0,V1->V1,LD_DENSITY_CONTROL,READOUT_LOCATION_DISTANCE_STA
"(31.372, 41.829]",-0.006008006046461501,0.0005521761041445759,-0.007015821900151979,-0.004867697263886735,32.0,0.0,18.0,35.0,0.0,0.0,0.0,64.0,346.0,1.256469755,410.0,V1->V1,LD_DENSITY_CONTROL,READOUT_LOCATION_DISTANCE_STA
"(-41.829, -31.372]",-0.006977968941803449,0.0022629617747374543,-0.011315102675372394,-0.0022708766104472733,2.0,0.0,1.0,11.0,0.0,0.0,0.0,1.0,11.0,0.0202863,12.0,HVA->HVA,LD_DENSITY_CONTROL,READOUT_LOCATION_DISTANCE_STA
"(-31.372, -20.914]",0.005909879175645741,0.00041215799097716845,0.005111758797695065,0.0067569867611663266,69.0,0.0,971.0,1360.0,0.0,0.0,0.0,2106.0,3251.0,84.0304638286,5357.0,HVA->HVA,LD_DENSITY_CONTROL,READOUT_LOCATION_DISTANCE_STA
"(-20.914, -10.457]",0.005434097782658505,0.00013484852323017595,0.005173853774517508,0.005703354989259793,102.0,0.0,2396.0,3013.0,0.0,0.0,0.0,20425.0,32709.0,827.6270898546,53134.0,HVA->HVA,LD_DENSITY_CONTROL,READOUT_LOCATION_DISTANCE_STA
"(-10.457, 0.0]",0.0016654095109512634,8.636593735649612e-05,0.0015041223153145818,0.0018359574905765042,102.0,0.0,2532.0,3071.0,0.0,0.0,0.0,32430.0,66852.0,1156.1527546803,99282.0,HVA->HVA,LD_DENSITY_CONTROL,READOUT_LOCATION_DISTANCE_STA
"(0.0, 10.457]",-0.002152126820036065,6.651592015148627e-05,-0.0022782198677422753,-0.0020282597418186453,102.0,0.0,2493.0,2999.0,0.0,0.0,0.0,24540.0,71480.0,740.2680103615,96020.0,HVA->HVA,LD_DENSITY_CONTROL,READOUT_LOCATION_DISTANCE_STA
"(10.457, 20.914]",-0.004730683593365468,7.303188940786426e-05,-0.004876191200187698,-0.004592702229415203,102.0,0.0,1532.0,2016.0,0.0,0.0,0.0,9791.0,39739.0,260.9134427828,49530.0,HVA->HVA,LD_DENSITY_CONTROL,READOUT_LOCATION_DISTANCE_STA
"(20.914, 31.372]",-0.005511653426608769,0.0001868679026523726,-0.005877006866041189,-0.005139965834164175,97.0,0.0,305.0,556.0,0.0,0.0,0.0,1475.0,6474.0,40.20895431860001,7949.0,HVA->HVA,LD_DENSITY_CONTROL,READOUT_LOCATION_DISTANCE_STA
"(31.372, 41.829]",-0.005567977989301178,0.0015324908542566013,-0.008386384005745044,-0.002319453974626086,28.0,0.0,10.0,21.0,0.0,0.0,0.0,34.0,111.0,1.1042089,145.0,HVA->HVA,LD_DENSITY_CONTROL,READOUT_LOCATION_DISTANCE_STA
"(-31.372, -20.914]",-0.0005571863641395021,0.0005027961895683239,-0.0014628522606611322,0.0005171135001295353,12.0,0.0,77.0,385.0,0.0,0.0,0.0,78.0,498.0,1.9372988700000002,576.0,V1->HVA,LD_DENSITY_CONTROL,READOUT_LOCATION_DISTANCE_STA
"(-20.914, -10.457]",0.001030704889498497,0.00011318104694863104,0.0008228350688227598,0.0012559744082054035,29.0,0.0,1000.0,2217.0,0.0,0.0,0.0,2691.0,12426.0,71.1654821126,15117.0,V1->HVA,LD_DENSITY_CONTROL,READOUT_LOCATION_DISTANCE_STA
"(-10.457, 0.0]",0.0005100597985771078,7.62920207012287e-05,0.0003699483518623038,0.0006640177321040518,29.0,0.0,1722.0,2675.0,0.0,0.0,0.0,5238.0,24873.0,135.2255268209,30111.0,V1->HVA,LD_DENSITY_CONTROL,READOUT_LOCATION_DISTANCE_STA
"(0.0, 10.457]",-0.0005203557120522598,6.96414052692324e-05,-0.0006554598385106962,-0.0003836463630380432,29.0,0.0,1640.0,2655.0,0.0,0.0,0.0,4299.0,23445.0,101.1365533936,27744.0,V1->HVA,LD_DENSITY_CONTROL,READOUT_LOCATION_DISTANCE_STA
"(10.457, 20.914]",-0.001122388892624007,8.09672019573545e-05,-0.001287337263528407,-0.0009613801032499188,29.0,0.0,614.0,1542.0,0.0,0.0,0.0,1553.0,11374.0,32.422356547,12927.0,V1->HVA,LD_DENSITY_CONTROL,READOUT_LOCATION_DISTANCE_STA
"(20.914, 31.372]",-0.0006992268175456028,0.00022526816346023394,-0.001129294139619375,-0.00027411843265825244,28.0,0.0,114.0,301.0,0.0,0.0,0.0,261.0,1961.0,6.149236597,2222.0,V1->HVA,LD_DENSITY_CONTROL,READOUT_LOCATION_DISTANCE_STA
"(31.372, 41.829]",-0.0013044983620845397,0.001215908919122647,-0.0032617407338284233,0.001549339804856927,11.0,0.0,5.0,18.0,0.0,0.0,0.0,6.0,56.0,0.15371439999999997,62.0,V1->HVA,LD_DENSITY_CONTROL,READOUT_LOCATION_DISTANCE_STA
"(-31.372, -20.914]",0.002133540213212126,0.00046020100218778054,0.0012817039055348165,0.0030535867048613026,28.0,0.0,109.0,507.0,0.0,0.0,0.0,124.0,792.0,3.375156941,916.0,HVA->V1,LD_DENSITY_CONTROL,READOUT_LOCATION_DISTANCE_STA
"(-20.914, -10.457]",0.00045401554674955594,3.9824565798031084e-05,0.0003797718110640252,0.0005320461995494743,92.0,0.0,2719.0,6964.0,0.0,0.0,0.0,4157.0,49102.0,95.7238260585,53259.0,HVA->V1,LD_DENSITY_CONTROL,READOUT_LOCATION_DISTANCE_STA
"(-10.457, 0.0]",3.890388571032245e-05,1.2850904322928005e-05,1.3996452403565621e-05,6.260289628013233e-05,92.0,0.0,5323.0,7299.0,0.0,0.0,0.0,22428.0,283304.0,450.2445197833,305732.0,HVA->V1,LD_DENSITY_CONTROL,READOUT_LOCATION_DISTANCE_STA
"(0.0, 10.457]",-0.00012187241384755882,1.3370075824104391e-05,-0.00014857815980727162,-9.530807360031443e-05,92.0,0.0,4653.0,7184.0,0.0,0.0,0.0,16211.0,223764.0,302.825306188,239975.0,HVA->V1,LD_DENSITY_CONTROL,READOUT_LOCATION_DISTANCE_STA
"(10.457, 20.914]",-0.00011678763692149573,2.4069644385574935e-05,-0.0001648289197901228,-7.109658809317209e-05,92.0,0.0,1332.0,3071.0,0.0,0.0,0.0,4474.0,57493.0,81.2519487309,61967.0,HVA->V1,LD_DENSITY_CONTROL,READOUT_LOCATION_DISTANCE_STA
"(20.914, 31.372]",-0.00011226030014944535,7.187337053535305e-05,-0.00024869229734819756,3.733834455830607e-05,92.0,0.0,201.0,431.0,0.0,0.0,0.0,596.0,7608.0,10.623267638,8204.0,HVA->V1,LD_DENSITY_CONTROL,READOUT_LOCATION_DISTANCE_STA
"(31.372, 41.829]",-0.0007196755642029868,0.00016455656903489554,-0.0010151169067272917,-0.0003886901673757636,62.0,0.0,13.0,41.0,0.0,0.0,0.0,36.0,679.0,0.58582614,715.0,HVA->V1,LD_DENSITY_CONTROL,READOUT_LOCATION_DISTANCE_STA
